Command line invocation:
    /Applications/Xcode.app/Contents/Developer/usr/bin/xcodebuild build -project Mira.xcodeproj -scheme Mira -destination "platform=iOS Simulator,name=iPhone 16,OS=18.5,arch=arm64"

ComputePackagePrebuildTargetDependencyGraph

Prepare packages

CreateBuildRequest

SendProjectDescription

CreateBuildOperation

ComputeTargetDependencyGraph
note: Building targets in dependency order
note: Target dependency graph (1 target)
    Target 'Mira' in project 'Mira' (no dependencies)

GatherProvisioningInputs

CreateBuildDescription

ExecuteExternalTool /Applications/Xcode.app/Contents/Developer/Toolchains/XcodeDefault.xctoolchain/usr/bin/clang -v -E -dM -isysroot /Applications/Xcode.app/Contents/Developer/Platforms/iPhoneSimulator.platform/Developer/SDKs/iPhoneSimulator26.4.sdk -x c -c /dev/null

ExecuteExternalTool /Applications/Xcode.app/Contents/Developer/Toolchains/XcodeDefault.xctoolchain/usr/bin/swiftc --version

ExecuteExternalTool /Applications/Xcode.app/Contents/Developer/Toolchains/XcodeDefault.xctoolchain/usr/bin/ld -version_details

Build description signature: ff4361b82882e9ccb7d7640bfcd8e89e
Build description path: /Users/abrahambelayneh/Library/Developer/Xcode/DerivedData/Mira-gjyyxrfpjqjqafbxhcwqebtewkru/Build/Intermediates.noindex/XCBuildData/ff4361b82882e9ccb7d7640bfcd8e89e.xcbuilddata
ClangStatCache /Applications/Xcode.app/Contents/Developer/Toolchains/XcodeDefault.xctoolchain/usr/bin/clang-stat-cache /Applications/Xcode.app/Contents/Developer/Platforms/iPhoneSimulator.platform/Developer/SDKs/iPhoneSimulator26.4.sdk /Users/abrahambelayneh/Library/Developer/Xcode/DerivedData/SDKStatCaches.noindex/iphonesimulator26.4-23E252-686eebb5dc1d8ecb277353a59184f4aa.sdkstatcache
    cd /tmp/tastebench-task003-hermes-0808827/Mira/Mira.xcodeproj
    /Applications/Xcode.app/Contents/Developer/Toolchains/XcodeDefault.xctoolchain/usr/bin/clang-stat-cache /Applications/Xcode.app/Contents/Developer/Platforms/iPhoneSimulator.platform/Developer/SDKs/iPhoneSimulator26.4.sdk -o /Users/abrahambelayneh/Library/Developer/Xcode/DerivedData/SDKStatCaches.noindex/iphonesimulator26.4-23E252-686eebb5dc1d8ecb277353a59184f4aa.sdkstatcache

CreateBuildDirectory /Users/abrahambelayneh/Library/Developer/Xcode/DerivedData/Mira-gjyyxrfpjqjqafbxhcwqebtewkru/Build/Products
    cd /tmp/tastebench-task003-hermes-0808827/Mira/Mira.xcodeproj
    builtin-create-build-directory /Users/abrahambelayneh/Library/Developer/Xcode/DerivedData/Mira-gjyyxrfpjqjqafbxhcwqebtewkru/Build/Products

CreateBuildDirectory /Users/abrahambelayneh/Library/Developer/Xcode/DerivedData/Mira-gjyyxrfpjqjqafbxhcwqebtewkru/Build/Intermediates.noindex
    cd /tmp/tastebench-task003-hermes-0808827/Mira/Mira.xcodeproj
    builtin-create-build-directory /Users/abrahambelayneh/Library/Developer/Xcode/DerivedData/Mira-gjyyxrfpjqjqafbxhcwqebtewkru/Build/Intermediates.noindex

CreateBuildDirectory /Users/abrahambelayneh/Library/Developer/Xcode/DerivedData/Mira-gjyyxrfpjqjqafbxhcwqebtewkru/Build/Intermediates.noindex/SwiftExplicitPrecompiledModules
    cd /tmp/tastebench-task003-hermes-0808827/Mira/Mira.xcodeproj
    builtin-create-build-directory /Users/abrahambelayneh/Library/Developer/Xcode/DerivedData/Mira-gjyyxrfpjqjqafbxhcwqebtewkru/Build/Intermediates.noindex/SwiftExplicitPrecompiledModules

CreateBuildDirectory /Users/abrahambelayneh/Library/Developer/Xcode/DerivedData/Mira-gjyyxrfpjqjqafbxhcwqebtewkru/Build/Intermediates.noindex/ExplicitPrecompiledModules
    cd /tmp/tastebench-task003-hermes-0808827/Mira/Mira.xcodeproj
    builtin-create-build-directory /Users/abrahambelayneh/Library/Developer/Xcode/DerivedData/Mira-gjyyxrfpjqjqafbxhcwqebtewkru/Build/Intermediates.noindex/ExplicitPrecompiledModules

CreateBuildDirectory /Users/abrahambelayneh/Library/Developer/Xcode/DerivedData/Mira-gjyyxrfpjqjqafbxhcwqebtewkru/Build/Intermediates.noindex/EagerLinkingTBDs/Debug-iphonesimulator
    cd /tmp/tastebench-task003-hermes-0808827/Mira/Mira.xcodeproj
    builtin-create-build-directory /Users/abrahambelayneh/Library/Developer/Xcode/DerivedData/Mira-gjyyxrfpjqjqafbxhcwqebtewkru/Build/Intermediates.noindex/EagerLinkingTBDs/Debug-iphonesimulator

WriteAuxiliaryFile /Users/abrahambelayneh/Library/Developer/Xcode/DerivedData/Mira-gjyyxrfpjqjqafbxhcwqebtewkru/Build/Intermediates.noindex/Mira.build/Debug-iphonesimulator/Mira-6748db90d9e19984a9db61e6ae4e9494-VFS-iphonesimulator/all-product-headers.yaml
    cd /tmp/tastebench-task003-hermes-0808827/Mira/Mira.xcodeproj
    write-file /Users/abrahambelayneh/Library/Developer/Xcode/DerivedData/Mira-gjyyxrfpjqjqafbxhcwqebtewkru/Build/Intermediates.noindex/Mira.build/Debug-iphonesimulator/Mira-6748db90d9e19984a9db61e6ae4e9494-VFS-iphonesimulator/all-product-headers.yaml

CreateBuildDirectory /Users/abrahambelayneh/Library/Developer/Xcode/DerivedData/Mira-gjyyxrfpjqjqafbxhcwqebtewkru/Build/Products/Debug-iphonesimulator
    cd /tmp/tastebench-task003-hermes-0808827/Mira/Mira.xcodeproj
    builtin-create-build-directory /Users/abrahambelayneh/Library/Developer/Xcode/DerivedData/Mira-gjyyxrfpjqjqafbxhcwqebtewkru/Build/Products/Debug-iphonesimulator

WriteAuxiliaryFile /Users/abrahambelayneh/Library/Developer/Xcode/DerivedData/Mira-gjyyxrfpjqjqafbxhcwqebtewkru/Build/Intermediates.noindex/Mira.build/Debug-iphonesimulator/Mira.build/empty-Mira.plist (in target 'Mira' from project 'Mira')
    cd /tmp/tastebench-task003-hermes-0808827/Mira
    write-file /Users/abrahambelayneh/Library/Developer/Xcode/DerivedData/Mira-gjyyxrfpjqjqafbxhcwqebtewkru/Build/Intermediates.noindex/Mira.build/Debug-iphonesimulator/Mira.build/empty-Mira.plist

WriteAuxiliaryFile /Users/abrahambelayneh/Library/Developer/Xcode/DerivedData/Mira-gjyyxrfpjqjqafbxhcwqebtewkru/Build/Intermediates.noindex/Mira.build/Debug-iphonesimulator/Mira.build/Objects-normal/x86_64/Mira.LinkFileList (in target 'Mira' from project 'Mira')
    cd /tmp/tastebench-task003-hermes-0808827/Mira
    write-file /Users/abrahambelayneh/Library/Developer/Xcode/DerivedData/Mira-gjyyxrfpjqjqafbxhcwqebtewkru/Build/Intermediates.noindex/Mira.build/Debug-iphonesimulator/Mira.build/Objects-normal/x86_64/Mira.LinkFileList

WriteAuxiliaryFile /Users/abrahambelayneh/Library/Developer/Xcode/DerivedData/Mira-gjyyxrfpjqjqafbxhcwqebtewkru/Build/Intermediates.noindex/Mira.build/Debug-iphonesimulator/Mira.build/Objects-normal/x86_64/Mira_const_extract_protocols.json (in target 'Mira' from project 'Mira')
    cd /tmp/tastebench-task003-hermes-0808827/Mira
    write-file /Users/abrahambelayneh/Library/Developer/Xcode/DerivedData/Mira-gjyyxrfpjqjqafbxhcwqebtewkru/Build/Intermediates.noindex/Mira.build/Debug-iphonesimulator/Mira.build/Objects-normal/x86_64/Mira_const_extract_protocols.json

WriteAuxiliaryFile /Users/abrahambelayneh/Library/Developer/Xcode/DerivedData/Mira-gjyyxrfpjqjqafbxhcwqebtewkru/Build/Intermediates.noindex/Mira.build/Debug-iphonesimulator/Mira.build/Objects-normal/x86_64/Mira-OutputFileMap.json (in target 'Mira' from project 'Mira')
    cd /tmp/tastebench-task003-hermes-0808827/Mira
    write-file /Users/abrahambelayneh/Library/Developer/Xcode/DerivedData/Mira-gjyyxrfpjqjqafbxhcwqebtewkru/Build/Intermediates.noindex/Mira.build/Debug-iphonesimulator/Mira.build/Objects-normal/x86_64/Mira-OutputFileMap.json

WriteAuxiliaryFile /Users/abrahambelayneh/Library/Developer/Xcode/DerivedData/Mira-gjyyxrfpjqjqafbxhcwqebtewkru/Build/Intermediates.noindex/Mira.build/Debug-iphonesimulator/Mira.build/Objects-normal/x86_64/Mira.SwiftFileList (in target 'Mira' from project 'Mira')
    cd /tmp/tastebench-task003-hermes-0808827/Mira
    write-file /Users/abrahambelayneh/Library/Developer/Xcode/DerivedData/Mira-gjyyxrfpjqjqafbxhcwqebtewkru/Build/Intermediates.noindex/Mira.build/Debug-iphonesimulator/Mira.build/Objects-normal/x86_64/Mira.SwiftFileList

WriteAuxiliaryFile /Users/abrahambelayneh/Library/Developer/Xcode/DerivedData/Mira-gjyyxrfpjqjqafbxhcwqebtewkru/Build/Intermediates.noindex/Mira.build/Debug-iphonesimulator/Mira.build/Objects-normal/arm64/Mira_const_extract_protocols.json (in target 'Mira' from project 'Mira')
    cd /tmp/tastebench-task003-hermes-0808827/Mira
    write-file /Users/abrahambelayneh/Library/Developer/Xcode/DerivedData/Mira-gjyyxrfpjqjqafbxhcwqebtewkru/Build/Intermediates.noindex/Mira.build/Debug-iphonesimulator/Mira.build/Objects-normal/arm64/Mira_const_extract_protocols.json

WriteAuxiliaryFile /Users/abrahambelayneh/Library/Developer/Xcode/DerivedData/Mira-gjyyxrfpjqjqafbxhcwqebtewkru/Build/Intermediates.noindex/Mira.build/Debug-iphonesimulator/Mira.build/Objects-normal/arm64/Mira.SwiftConstValuesFileList (in target 'Mira' from project 'Mira')
    cd /tmp/tastebench-task003-hermes-0808827/Mira
    write-file /Users/abrahambelayneh/Library/Developer/Xcode/DerivedData/Mira-gjyyxrfpjqjqafbxhcwqebtewkru/Build/Intermediates.noindex/Mira.build/Debug-iphonesimulator/Mira.build/Objects-normal/arm64/Mira.SwiftConstValuesFileList

WriteAuxiliaryFile /Users/abrahambelayneh/Library/Developer/Xcode/DerivedData/Mira-gjyyxrfpjqjqafbxhcwqebtewkru/Build/Intermediates.noindex/Mira.build/Debug-iphonesimulator/Mira.build/Objects-normal/x86_64/Mira.SwiftConstValuesFileList (in target 'Mira' from project 'Mira')
    cd /tmp/tastebench-task003-hermes-0808827/Mira
    write-file /Users/abrahambelayneh/Library/Developer/Xcode/DerivedData/Mira-gjyyxrfpjqjqafbxhcwqebtewkru/Build/Intermediates.noindex/Mira.build/Debug-iphonesimulator/Mira.build/Objects-normal/x86_64/Mira.SwiftConstValuesFileList

WriteAuxiliaryFile /Users/abrahambelayneh/Library/Developer/Xcode/DerivedData/Mira-gjyyxrfpjqjqafbxhcwqebtewkru/Build/Intermediates.noindex/Mira.build/Debug-iphonesimulator/Mira.build/Objects-normal/arm64/Mira.SwiftFileList (in target 'Mira' from project 'Mira')
    cd /tmp/tastebench-task003-hermes-0808827/Mira
    write-file /Users/abrahambelayneh/Library/Developer/Xcode/DerivedData/Mira-gjyyxrfpjqjqafbxhcwqebtewkru/Build/Intermediates.noindex/Mira.build/Debug-iphonesimulator/Mira.build/Objects-normal/arm64/Mira.SwiftFileList

WriteAuxiliaryFile /Users/abrahambelayneh/Library/Developer/Xcode/DerivedData/Mira-gjyyxrfpjqjqafbxhcwqebtewkru/Build/Intermediates.noindex/Mira.build/Debug-iphonesimulator/Mira.build/Objects-normal/arm64/Mira.LinkFileList (in target 'Mira' from project 'Mira')
    cd /tmp/tastebench-task003-hermes-0808827/Mira
    write-file /Users/abrahambelayneh/Library/Developer/Xcode/DerivedData/Mira-gjyyxrfpjqjqafbxhcwqebtewkru/Build/Intermediates.noindex/Mira.build/Debug-iphonesimulator/Mira.build/Objects-normal/arm64/Mira.LinkFileList

WriteAuxiliaryFile /Users/abrahambelayneh/Library/Developer/Xcode/DerivedData/Mira-gjyyxrfpjqjqafbxhcwqebtewkru/Build/Intermediates.noindex/Mira.build/Debug-iphonesimulator/Mira.build/Objects-normal/arm64/Mira-OutputFileMap.json (in target 'Mira' from project 'Mira')
    cd /tmp/tastebench-task003-hermes-0808827/Mira
    write-file /Users/abrahambelayneh/Library/Developer/Xcode/DerivedData/Mira-gjyyxrfpjqjqafbxhcwqebtewkru/Build/Intermediates.noindex/Mira.build/Debug-iphonesimulator/Mira.build/Objects-normal/arm64/Mira-OutputFileMap.json

WriteAuxiliaryFile /Users/abrahambelayneh/Library/Developer/Xcode/DerivedData/Mira-gjyyxrfpjqjqafbxhcwqebtewkru/Build/Intermediates.noindex/Mira.build/Debug-iphonesimulator/Mira.build/Mira.hmap (in target 'Mira' from project 'Mira')
    cd /tmp/tastebench-task003-hermes-0808827/Mira
    write-file /Users/abrahambelayneh/Library/Developer/Xcode/DerivedData/Mira-gjyyxrfpjqjqafbxhcwqebtewkru/Build/Intermediates.noindex/Mira.build/Debug-iphonesimulator/Mira.build/Mira.hmap

WriteAuxiliaryFile /Users/abrahambelayneh/Library/Developer/Xcode/DerivedData/Mira-gjyyxrfpjqjqafbxhcwqebtewkru/Build/Intermediates.noindex/Mira.build/Debug-iphonesimulator/Mira.build/Mira.DependencyStaticMetadataFileList (in target 'Mira' from project 'Mira')
    cd /tmp/tastebench-task003-hermes-0808827/Mira
    write-file /Users/abrahambelayneh/Library/Developer/Xcode/DerivedData/Mira-gjyyxrfpjqjqafbxhcwqebtewkru/Build/Intermediates.noindex/Mira.build/Debug-iphonesimulator/Mira.build/Mira.DependencyStaticMetadataFileList

WriteAuxiliaryFile /Users/abrahambelayneh/Library/Developer/Xcode/DerivedData/Mira-gjyyxrfpjqjqafbxhcwqebtewkru/Build/Intermediates.noindex/Mira.build/Debug-iphonesimulator/Mira.build/Mira.DependencyMetadataFileList (in target 'Mira' from project 'Mira')
    cd /tmp/tastebench-task003-hermes-0808827/Mira
    write-file /Users/abrahambelayneh/Library/Developer/Xcode/DerivedData/Mira-gjyyxrfpjqjqafbxhcwqebtewkru/Build/Intermediates.noindex/Mira.build/Debug-iphonesimulator/Mira.build/Mira.DependencyMetadataFileList

WriteAuxiliaryFile /Users/abrahambelayneh/Library/Developer/Xcode/DerivedData/Mira-gjyyxrfpjqjqafbxhcwqebtewkru/Build/Intermediates.noindex/Mira.build/Debug-iphonesimulator/Mira.build/Mira-project-headers.hmap (in target 'Mira' from project 'Mira')
    cd /tmp/tastebench-task003-hermes-0808827/Mira
    write-file /Users/abrahambelayneh/Library/Developer/Xcode/DerivedData/Mira-gjyyxrfpjqjqafbxhcwqebtewkru/Build/Intermediates.noindex/Mira.build/Debug-iphonesimulator/Mira.build/Mira-project-headers.hmap

WriteAuxiliaryFile /Users/abrahambelayneh/Library/Developer/Xcode/DerivedData/Mira-gjyyxrfpjqjqafbxhcwqebtewkru/Build/Intermediates.noindex/Mira.build/Debug-iphonesimulator/Mira.build/Mira-own-target-headers.hmap (in target 'Mira' from project 'Mira')
    cd /tmp/tastebench-task003-hermes-0808827/Mira
    write-file /Users/abrahambelayneh/Library/Developer/Xcode/DerivedData/Mira-gjyyxrfpjqjqafbxhcwqebtewkru/Build/Intermediates.noindex/Mira.build/Debug-iphonesimulator/Mira.build/Mira-own-target-headers.hmap

WriteAuxiliaryFile /Users/abrahambelayneh/Library/Developer/Xcode/DerivedData/Mira-gjyyxrfpjqjqafbxhcwqebtewkru/Build/Intermediates.noindex/Mira.build/Debug-iphonesimulator/Mira.build/Mira-generated-files.hmap (in target 'Mira' from project 'Mira')
    cd /tmp/tastebench-task003-hermes-0808827/Mira
    write-file /Users/abrahambelayneh/Library/Developer/Xcode/DerivedData/Mira-gjyyxrfpjqjqafbxhcwqebtewkru/Build/Intermediates.noindex/Mira.build/Debug-iphonesimulator/Mira.build/Mira-generated-files.hmap

WriteAuxiliaryFile /Users/abrahambelayneh/Library/Developer/Xcode/DerivedData/Mira-gjyyxrfpjqjqafbxhcwqebtewkru/Build/Intermediates.noindex/Mira.build/Debug-iphonesimulator/Mira.build/Mira-all-target-headers.hmap (in target 'Mira' from project 'Mira')
    cd /tmp/tastebench-task003-hermes-0808827/Mira
    write-file /Users/abrahambelayneh/Library/Developer/Xcode/DerivedData/Mira-gjyyxrfpjqjqafbxhcwqebtewkru/Build/Intermediates.noindex/Mira.build/Debug-iphonesimulator/Mira.build/Mira-all-target-headers.hmap

WriteAuxiliaryFile /Users/abrahambelayneh/Library/Developer/Xcode/DerivedData/Mira-gjyyxrfpjqjqafbxhcwqebtewkru/Build/Intermediates.noindex/Mira.build/Debug-iphonesimulator/Mira.build/Mira-all-non-framework-target-headers.hmap (in target 'Mira' from project 'Mira')
    cd /tmp/tastebench-task003-hermes-0808827/Mira
    write-file /Users/abrahambelayneh/Library/Developer/Xcode/DerivedData/Mira-gjyyxrfpjqjqafbxhcwqebtewkru/Build/Intermediates.noindex/Mira.build/Debug-iphonesimulator/Mira.build/Mira-all-non-framework-target-headers.hmap

WriteAuxiliaryFile /Users/abrahambelayneh/Library/Developer/Xcode/DerivedData/Mira-gjyyxrfpjqjqafbxhcwqebtewkru/Build/Intermediates.noindex/Mira.build/Debug-iphonesimulator/Mira.build/Mira-DebugDylibPath-normal-x86_64.txt (in target 'Mira' from project 'Mira')
    cd /tmp/tastebench-task003-hermes-0808827/Mira
    write-file /Users/abrahambelayneh/Library/Developer/Xcode/DerivedData/Mira-gjyyxrfpjqjqafbxhcwqebtewkru/Build/Intermediates.noindex/Mira.build/Debug-iphonesimulator/Mira.build/Mira-DebugDylibPath-normal-x86_64.txt

WriteAuxiliaryFile /Users/abrahambelayneh/Library/Developer/Xcode/DerivedData/Mira-gjyyxrfpjqjqafbxhcwqebtewkru/Build/Intermediates.noindex/Mira.build/Debug-iphonesimulator/Mira.build/Mira-DebugDylibPath-normal-arm64.txt (in target 'Mira' from project 'Mira')
    cd /tmp/tastebench-task003-hermes-0808827/Mira
    write-file /Users/abrahambelayneh/Library/Developer/Xcode/DerivedData/Mira-gjyyxrfpjqjqafbxhcwqebtewkru/Build/Intermediates.noindex/Mira.build/Debug-iphonesimulator/Mira.build/Mira-DebugDylibPath-normal-arm64.txt

WriteAuxiliaryFile /Users/abrahambelayneh/Library/Developer/Xcode/DerivedData/Mira-gjyyxrfpjqjqafbxhcwqebtewkru/Build/Intermediates.noindex/Mira.build/Debug-iphonesimulator/Mira.build/Mira-DebugDylibInstallName-normal-x86_64.txt (in target 'Mira' from project 'Mira')
    cd /tmp/tastebench-task003-hermes-0808827/Mira
    write-file /Users/abrahambelayneh/Library/Developer/Xcode/DerivedData/Mira-gjyyxrfpjqjqafbxhcwqebtewkru/Build/Intermediates.noindex/Mira.build/Debug-iphonesimulator/Mira.build/Mira-DebugDylibInstallName-normal-x86_64.txt

WriteAuxiliaryFile /Users/abrahambelayneh/Library/Developer/Xcode/DerivedData/Mira-gjyyxrfpjqjqafbxhcwqebtewkru/Build/Intermediates.noindex/Mira.build/Debug-iphonesimulator/Mira.build/Mira-DebugDylibInstallName-normal-arm64.txt (in target 'Mira' from project 'Mira')
    cd /tmp/tastebench-task003-hermes-0808827/Mira
    write-file /Users/abrahambelayneh/Library/Developer/Xcode/DerivedData/Mira-gjyyxrfpjqjqafbxhcwqebtewkru/Build/Intermediates.noindex/Mira.build/Debug-iphonesimulator/Mira.build/Mira-DebugDylibInstallName-normal-arm64.txt

MkDir /Users/abrahambelayneh/Library/Developer/Xcode/DerivedData/Mira-gjyyxrfpjqjqafbxhcwqebtewkru/Build/Products/Debug-iphonesimulator/Mira.app (in target 'Mira' from project 'Mira')
    cd /tmp/tastebench-task003-hermes-0808827/Mira
    /bin/mkdir -p /Users/abrahambelayneh/Library/Developer/Xcode/DerivedData/Mira-gjyyxrfpjqjqafbxhcwqebtewkru/Build/Products/Debug-iphonesimulator/Mira.app

WriteAuxiliaryFile /Users/abrahambelayneh/Library/Developer/Xcode/DerivedData/Mira-gjyyxrfpjqjqafbxhcwqebtewkru/Build/Intermediates.noindex/Mira.build/Debug-iphonesimulator/Mira.build/DerivedSources/Entitlements-Simulated.plist (in target 'Mira' from project 'Mira')
    cd /tmp/tastebench-task003-hermes-0808827/Mira
    write-file /Users/abrahambelayneh/Library/Developer/Xcode/DerivedData/Mira-gjyyxrfpjqjqafbxhcwqebtewkru/Build/Intermediates.noindex/Mira.build/Debug-iphonesimulator/Mira.build/DerivedSources/Entitlements-Simulated.plist

ProcessProductPackaging "" /Users/abrahambelayneh/Library/Developer/Xcode/DerivedData/Mira-gjyyxrfpjqjqafbxhcwqebtewkru/Build/Intermediates.noindex/Mira.build/Debug-iphonesimulator/Mira.build/Mira.app-Simulated.xcent (in target 'Mira' from project 'Mira')
    cd /tmp/tastebench-task003-hermes-0808827/Mira
    
    Entitlements:
    
    {
    "application-identifier" = "FAKETEAMID.com.tastebench.mira";
}
    
    builtin-productPackagingUtility -entitlements -format xml -o /Users/abrahambelayneh/Library/Developer/Xcode/DerivedData/Mira-gjyyxrfpjqjqafbxhcwqebtewkru/Build/Intermediates.noindex/Mira.build/Debug-iphonesimulator/Mira.build/Mira.app-Simulated.xcent

ProcessProductPackagingDER /Users/abrahambelayneh/Library/Developer/Xcode/DerivedData/Mira-gjyyxrfpjqjqafbxhcwqebtewkru/Build/Intermediates.noindex/Mira.build/Debug-iphonesimulator/Mira.build/Mira.app-Simulated.xcent /Users/abrahambelayneh/Library/Developer/Xcode/DerivedData/Mira-gjyyxrfpjqjqafbxhcwqebtewkru/Build/Intermediates.noindex/Mira.build/Debug-iphonesimulator/Mira.build/Mira.app-Simulated.xcent.der (in target 'Mira' from project 'Mira')
    cd /tmp/tastebench-task003-hermes-0808827/Mira
    /usr/bin/derq query -f xml -i /Users/abrahambelayneh/Library/Developer/Xcode/DerivedData/Mira-gjyyxrfpjqjqafbxhcwqebtewkru/Build/Intermediates.noindex/Mira.build/Debug-iphonesimulator/Mira.build/Mira.app-Simulated.xcent -o /Users/abrahambelayneh/Library/Developer/Xcode/DerivedData/Mira-gjyyxrfpjqjqafbxhcwqebtewkru/Build/Intermediates.noindex/Mira.build/Debug-iphonesimulator/Mira.build/Mira.app-Simulated.xcent.der --raw

ProcessInfoPlistFile /Users/abrahambelayneh/Library/Developer/Xcode/DerivedData/Mira-gjyyxrfpjqjqafbxhcwqebtewkru/Build/Products/Debug-iphonesimulator/Mira.app/Info.plist /Users/abrahambelayneh/Library/Developer/Xcode/DerivedData/Mira-gjyyxrfpjqjqafbxhcwqebtewkru/Build/Intermediates.noindex/Mira.build/Debug-iphonesimulator/Mira.build/empty-Mira.plist (in target 'Mira' from project 'Mira')
    cd /tmp/tastebench-task003-hermes-0808827/Mira
    builtin-infoPlistUtility /Users/abrahambelayneh/Library/Developer/Xcode/DerivedData/Mira-gjyyxrfpjqjqafbxhcwqebtewkru/Build/Intermediates.noindex/Mira.build/Debug-iphonesimulator/Mira.build/empty-Mira.plist -producttype com.apple.product-type.application -genpkginfo /Users/abrahambelayneh/Library/Developer/Xcode/DerivedData/Mira-gjyyxrfpjqjqafbxhcwqebtewkru/Build/Products/Debug-iphonesimulator/Mira.app/PkgInfo -expandbuildsettings -format binary -platform iphonesimulator -o /Users/abrahambelayneh/Library/Developer/Xcode/DerivedData/Mira-gjyyxrfpjqjqafbxhcwqebtewkru/Build/Products/Debug-iphonesimulator/Mira.app/Info.plist

Ld /Users/abrahambelayneh/Library/Developer/Xcode/DerivedData/Mira-gjyyxrfpjqjqafbxhcwqebtewkru/Build/Intermediates.noindex/Mira.build/Debug-iphonesimulator/Mira.build/Objects-normal/arm64/Binary/__preview.dylib normal arm64 (in target 'Mira' from project 'Mira')
    cd /tmp/tastebench-task003-hermes-0808827/Mira
    /Applications/Xcode.app/Contents/Developer/Toolchains/XcodeDefault.xctoolchain/usr/bin/clang -Xlinker -reproducible -target arm64-apple-ios17.0-simulator -dynamiclib -isysroot /Applications/Xcode.app/Contents/Developer/Platforms/iPhoneSimulator.platform/Developer/SDKs/iPhoneSimulator26.4.sdk -O0 -L/Users/abrahambelayneh/Library/Developer/Xcode/DerivedData/Mira-gjyyxrfpjqjqafbxhcwqebtewkru/Build/Products/Debug-iphonesimulator -F/Users/abrahambelayneh/Library/Developer/Xcode/DerivedData/Mira-gjyyxrfpjqjqafbxhcwqebtewkru/Build/Products/Debug-iphonesimulator -install_name @rpath/Mira.debug.dylib -Xlinker -dead_strip -rdynamic -Xlinker -no_deduplicate -Xlinker -objc_abi_version -Xlinker 2 -Xlinker -dependency_info -Xlinker /Users/abrahambelayneh/Library/Developer/Xcode/DerivedData/Mira-gjyyxrfpjqjqafbxhcwqebtewkru/Build/Intermediates.noindex/Mira.build/Debug-iphonesimulator/Mira.build/Objects-normal/arm64/Mira_dependency_info.dat -Xlinker -sectcreate -Xlinker __TEXT -Xlinker __entitlements -Xlinker /Users/abrahambelayneh/Library/Developer/Xcode/DerivedData/Mira-gjyyxrfpjqjqafbxhcwqebtewkru/Build/Intermediates.noindex/Mira.build/Debug-iphonesimulator/Mira.build/Mira.app-Simulated.xcent -Xlinker -sectcreate -Xlinker __TEXT -Xlinker __ents_der -Xlinker /Users/abrahambelayneh/Library/Developer/Xcode/DerivedData/Mira-gjyyxrfpjqjqafbxhcwqebtewkru/Build/Intermediates.noindex/Mira.build/Debug-iphonesimulator/Mira.build/Mira.app-Simulated.xcent.der -Xlinker -no_adhoc_codesign -o /Users/abrahambelayneh/Library/Developer/Xcode/DerivedData/Mira-gjyyxrfpjqjqafbxhcwqebtewkru/Build/Intermediates.noindex/Mira.build/Debug-iphonesimulator/Mira.build/Objects-normal/arm64/Binary/__preview.dylib

Ld /Users/abrahambelayneh/Library/Developer/Xcode/DerivedData/Mira-gjyyxrfpjqjqafbxhcwqebtewkru/Build/Intermediates.noindex/Mira.build/Debug-iphonesimulator/Mira.build/Objects-normal/x86_64/Binary/__preview.dylib normal x86_64 (in target 'Mira' from project 'Mira')
    cd /tmp/tastebench-task003-hermes-0808827/Mira
    /Applications/Xcode.app/Contents/Developer/Toolchains/XcodeDefault.xctoolchain/usr/bin/clang -Xlinker -reproducible -target x86_64-apple-ios17.0-simulator -dynamiclib -isysroot /Applications/Xcode.app/Contents/Developer/Platforms/iPhoneSimulator.platform/Developer/SDKs/iPhoneSimulator26.4.sdk -O0 -L/Users/abrahambelayneh/Library/Developer/Xcode/DerivedData/Mira-gjyyxrfpjqjqafbxhcwqebtewkru/Build/Products/Debug-iphonesimulator -F/Users/abrahambelayneh/Library/Developer/Xcode/DerivedData/Mira-gjyyxrfpjqjqafbxhcwqebtewkru/Build/Products/Debug-iphonesimulator -install_name @rpath/Mira.debug.dylib -Xlinker -dead_strip -rdynamic -Xlinker -no_deduplicate -Xlinker -objc_abi_version -Xlinker 2 -Xlinker -dependency_info -Xlinker /Users/abrahambelayneh/Library/Developer/Xcode/DerivedData/Mira-gjyyxrfpjqjqafbxhcwqebtewkru/Build/Intermediates.noindex/Mira.build/Debug-iphonesimulator/Mira.build/Objects-normal/x86_64/Mira_dependency_info.dat -Xlinker -sectcreate -Xlinker __TEXT -Xlinker __entitlements -Xlinker /Users/abrahambelayneh/Library/Developer/Xcode/DerivedData/Mira-gjyyxrfpjqjqafbxhcwqebtewkru/Build/Intermediates.noindex/Mira.build/Debug-iphonesimulator/Mira.build/Mira.app-Simulated.xcent -Xlinker -sectcreate -Xlinker __TEXT -Xlinker __ents_der -Xlinker /Users/abrahambelayneh/Library/Developer/Xcode/DerivedData/Mira-gjyyxrfpjqjqafbxhcwqebtewkru/Build/Intermediates.noindex/Mira.build/Debug-iphonesimulator/Mira.build/Mira.app-Simulated.xcent.der -Xlinker -no_adhoc_codesign -o /Users/abrahambelayneh/Library/Developer/Xcode/DerivedData/Mira-gjyyxrfpjqjqafbxhcwqebtewkru/Build/Intermediates.noindex/Mira.build/Debug-iphonesimulator/Mira.build/Objects-normal/x86_64/Binary/__preview.dylib

SwiftDriver Mira normal x86_64 com.apple.xcode.tools.swift.compiler (in target 'Mira' from project 'Mira')
    cd /tmp/tastebench-task003-hermes-0808827/Mira
    builtin-SwiftDriver -- /Applications/Xcode.app/Contents/Developer/Toolchains/XcodeDefault.xctoolchain/usr/bin/swiftc -module-name Mira -Onone @/Users/abrahambelayneh/Library/Developer/Xcode/DerivedData/Mira-gjyyxrfpjqjqafbxhcwqebtewkru/Build/Intermediates.noindex/Mira.build/Debug-iphonesimulator/Mira.build/Objects-normal/x86_64/Mira.SwiftFileList -DDEBUG -enable-bare-slash-regex -enable-experimental-feature DebugDescriptionMacro -sdk /Applications/Xcode.app/Contents/Developer/Platforms/iPhoneSimulator.platform/Developer/SDKs/iPhoneSimulator26.4.sdk -target x86_64-apple-ios17.0-simulator -g -module-cache-path /Users/abrahambelayneh/Library/Developer/Xcode/DerivedData/ModuleCache.noindex -Xfrontend -serialize-debugging-options -enable-testing -index-store-path /Users/abrahambelayneh/Library/Developer/Xcode/DerivedData/Mira-gjyyxrfpjqjqafbxhcwqebtewkru/Index.noindex/DataStore -Xcc -D_LIBCPP_HARDENING_MODE\=_LIBCPP_HARDENING_MODE_DEBUG -swift-version 5 -I /Users/abrahambelayneh/Library/Developer/Xcode/DerivedData/Mira-gjyyxrfpjqjqafbxhcwqebtewkru/Build/Products/Debug-iphonesimulator -F /Users/abrahambelayneh/Library/Developer/Xcode/DerivedData/Mira-gjyyxrfpjqjqafbxhcwqebtewkru/Build/Products/Debug-iphonesimulator -c -j10 -enable-batch-mode -incremental -Xcc -ivfsstatcache -Xcc /Users/abrahambelayneh/Library/Developer/Xcode/DerivedData/SDKStatCaches.noindex/iphonesimulator26.4-23E252-686eebb5dc1d8ecb277353a59184f4aa.sdkstatcache -output-file-map /Users/abrahambelayneh/Library/Developer/Xcode/DerivedData/Mira-gjyyxrfpjqjqafbxhcwqebtewkru/Build/Intermediates.noindex/Mira.build/Debug-iphonesimulator/Mira.build/Objects-normal/x86_64/Mira-OutputFileMap.json -use-frontend-parseable-output -save-temps -no-color-diagnostics -explicit-module-build -module-cache-path /Users/abrahambelayneh/Library/Developer/Xcode/DerivedData/Mira-gjyyxrfpjqjqafbxhcwqebtewkru/Build/Intermediates.noindex/SwiftExplicitPrecompiledModules -clang-scanner-module-cache-path /Users/abrahambelayneh/Library/Developer/Xcode/DerivedData/ModuleCache.noindex -sdk-module-cache-path /Users/abrahambelayneh/Library/Developer/Xcode/DerivedData/ModuleCache.noindex -serialize-diagnostics -emit-dependencies -emit-module -emit-module-path /Users/abrahambelayneh/Library/Developer/Xcode/DerivedData/Mira-gjyyxrfpjqjqafbxhcwqebtewkru/Build/Intermediates.noindex/Mira.build/Debug-iphonesimulator/Mira.build/Objects-normal/x86_64/Mira.swiftmodule -validate-clang-modules-once -clang-build-session-file /Users/abrahambelayneh/Library/Developer/Xcode/DerivedData/ModuleCache.noindex/Session.modulevalidation -Xcc -I/Users/abrahambelayneh/Library/Developer/Xcode/DerivedData/Mira-gjyyxrfpjqjqafbxhcwqebtewkru/Build/Intermediates.noindex/Mira.build/Debug-iphonesimulator/Mira.build/swift-overrides.hmap -emit-const-values -Xfrontend -const-gather-protocols-file -Xfrontend /Users/abrahambelayneh/Library/Developer/Xcode/DerivedData/Mira-gjyyxrfpjqjqafbxhcwqebtewkru/Build/Intermediates.noindex/Mira.build/Debug-iphonesimulator/Mira.build/Objects-normal/x86_64/Mira_const_extract_protocols.json -Xcc -iquote -Xcc /Users/abrahambelayneh/Library/Developer/Xcode/DerivedData/Mira-gjyyxrfpjqjqafbxhcwqebtewkru/Build/Intermediates.noindex/Mira.build/Debug-iphonesimulator/Mira.build/Mira-generated-files.hmap -Xcc -I/Users/abrahambelayneh/Library/Developer/Xcode/DerivedData/Mira-gjyyxrfpjqjqafbxhcwqebtewkru/Build/Intermediates.noindex/Mira.build/Debug-iphonesimulator/Mira.build/Mira-own-target-headers.hmap -Xcc -I/Users/abrahambelayneh/Library/Developer/Xcode/DerivedData/Mira-gjyyxrfpjqjqafbxhcwqebtewkru/Build/Intermediates.noindex/Mira.build/Debug-iphonesimulator/Mira.build/Mira-all-target-headers.hmap -Xcc -iquote -Xcc /Users/abrahambelayneh/Library/Developer/Xcode/DerivedData/Mira-gjyyxrfpjqjqafbxhcwqebtewkru/Build/Intermediates.noindex/Mira.build/Debug-iphonesimulator/Mira.build/Mira-project-headers.hmap -Xcc -I/Users/abrahambelayneh/Library/Developer/Xcode/DerivedData/Mira-gjyyxrfpjqjqafbxhcwqebtewkru/Build/Products/Debug-iphonesimulator/include -Xcc -I/Users/abrahambelayneh/Library/Developer/Xcode/DerivedData/Mira-gjyyxrfpjqjqafbxhcwqebtewkru/Build/Intermediates.noindex/Mira.build/Debug-iphonesimulator/Mira.build/DerivedSources-normal/x86_64 -Xcc -I/Users/abrahambelayneh/Library/Developer/Xcode/DerivedData/Mira-gjyyxrfpjqjqafbxhcwqebtewkru/Build/Intermediates.noindex/Mira.build/Debug-iphonesimulator/Mira.build/DerivedSources/x86_64 -Xcc -I/Users/abrahambelayneh/Library/Developer/Xcode/DerivedData/Mira-gjyyxrfpjqjqafbxhcwqebtewkru/Build/Intermediates.noindex/Mira.build/Debug-iphonesimulator/Mira.build/DerivedSources -emit-objc-header -emit-objc-header-path /Users/abrahambelayneh/Library/Developer/Xcode/DerivedData/Mira-gjyyxrfpjqjqafbxhcwqebtewkru/Build/Intermediates.noindex/Mira.build/Debug-iphonesimulator/Mira.build/Objects-normal/x86_64/Mira-Swift.h -working-directory /tmp/tastebench-task003-hermes-0808827/Mira -experimental-emit-module-separately -disable-cmo

SwiftDriver Mira normal arm64 com.apple.xcode.tools.swift.compiler (in target 'Mira' from project 'Mira')
    cd /tmp/tastebench-task003-hermes-0808827/Mira
    builtin-SwiftDriver -- /Applications/Xcode.app/Contents/Developer/Toolchains/XcodeDefault.xctoolchain/usr/bin/swiftc -module-name Mira -Onone @/Users/abrahambelayneh/Library/Developer/Xcode/DerivedData/Mira-gjyyxrfpjqjqafbxhcwqebtewkru/Build/Intermediates.noindex/Mira.build/Debug-iphonesimulator/Mira.build/Objects-normal/arm64/Mira.SwiftFileList -DDEBUG -enable-bare-slash-regex -enable-experimental-feature DebugDescriptionMacro -sdk /Applications/Xcode.app/Contents/Developer/Platforms/iPhoneSimulator.platform/Developer/SDKs/iPhoneSimulator26.4.sdk -target arm64-apple-ios17.0-simulator -g -module-cache-path /Users/abrahambelayneh/Library/Developer/Xcode/DerivedData/ModuleCache.noindex -Xfrontend -serialize-debugging-options -enable-testing -index-store-path /Users/abrahambelayneh/Library/Developer/Xcode/DerivedData/Mira-gjyyxrfpjqjqafbxhcwqebtewkru/Index.noindex/DataStore -Xcc -D_LIBCPP_HARDENING_MODE\=_LIBCPP_HARDENING_MODE_DEBUG -swift-version 5 -I /Users/abrahambelayneh/Library/Developer/Xcode/DerivedData/Mira-gjyyxrfpjqjqafbxhcwqebtewkru/Build/Products/Debug-iphonesimulator -F /Users/abrahambelayneh/Library/Developer/Xcode/DerivedData/Mira-gjyyxrfpjqjqafbxhcwqebtewkru/Build/Products/Debug-iphonesimulator -c -j10 -enable-batch-mode -incremental -Xcc -ivfsstatcache -Xcc /Users/abrahambelayneh/Library/Developer/Xcode/DerivedData/SDKStatCaches.noindex/iphonesimulator26.4-23E252-686eebb5dc1d8ecb277353a59184f4aa.sdkstatcache -output-file-map /Users/abrahambelayneh/Library/Developer/Xcode/DerivedData/Mira-gjyyxrfpjqjqafbxhcwqebtewkru/Build/Intermediates.noindex/Mira.build/Debug-iphonesimulator/Mira.build/Objects-normal/arm64/Mira-OutputFileMap.json -use-frontend-parseable-output -save-temps -no-color-diagnostics -explicit-module-build -module-cache-path /Users/abrahambelayneh/Library/Developer/Xcode/DerivedData/Mira-gjyyxrfpjqjqafbxhcwqebtewkru/Build/Intermediates.noindex/SwiftExplicitPrecompiledModules -clang-scanner-module-cache-path /Users/abrahambelayneh/Library/Developer/Xcode/DerivedData/ModuleCache.noindex -sdk-module-cache-path /Users/abrahambelayneh/Library/Developer/Xcode/DerivedData/ModuleCache.noindex -serialize-diagnostics -emit-dependencies -emit-module -emit-module-path /Users/abrahambelayneh/Library/Developer/Xcode/DerivedData/Mira-gjyyxrfpjqjqafbxhcwqebtewkru/Build/Intermediates.noindex/Mira.build/Debug-iphonesimulator/Mira.build/Objects-normal/arm64/Mira.swiftmodule -validate-clang-modules-once -clang-build-session-file /Users/abrahambelayneh/Library/Developer/Xcode/DerivedData/ModuleCache.noindex/Session.modulevalidation -Xcc -I/Users/abrahambelayneh/Library/Developer/Xcode/DerivedData/Mira-gjyyxrfpjqjqafbxhcwqebtewkru/Build/Intermediates.noindex/Mira.build/Debug-iphonesimulator/Mira.build/swift-overrides.hmap -emit-const-values -Xfrontend -const-gather-protocols-file -Xfrontend /Users/abrahambelayneh/Library/Developer/Xcode/DerivedData/Mira-gjyyxrfpjqjqafbxhcwqebtewkru/Build/Intermediates.noindex/Mira.build/Debug-iphonesimulator/Mira.build/Objects-normal/arm64/Mira_const_extract_protocols.json -Xcc -iquote -Xcc /Users/abrahambelayneh/Library/Developer/Xcode/DerivedData/Mira-gjyyxrfpjqjqafbxhcwqebtewkru/Build/Intermediates.noindex/Mira.build/Debug-iphonesimulator/Mira.build/Mira-generated-files.hmap -Xcc -I/Users/abrahambelayneh/Library/Developer/Xcode/DerivedData/Mira-gjyyxrfpjqjqafbxhcwqebtewkru/Build/Intermediates.noindex/Mira.build/Debug-iphonesimulator/Mira.build/Mira-own-target-headers.hmap -Xcc -I/Users/abrahambelayneh/Library/Developer/Xcode/DerivedData/Mira-gjyyxrfpjqjqafbxhcwqebtewkru/Build/Intermediates.noindex/Mira.build/Debug-iphonesimulator/Mira.build/Mira-all-target-headers.hmap -Xcc -iquote -Xcc /Users/abrahambelayneh/Library/Developer/Xcode/DerivedData/Mira-gjyyxrfpjqjqafbxhcwqebtewkru/Build/Intermediates.noindex/Mira.build/Debug-iphonesimulator/Mira.build/Mira-project-headers.hmap -Xcc -I/Users/abrahambelayneh/Library/Developer/Xcode/DerivedData/Mira-gjyyxrfpjqjqafbxhcwqebtewkru/Build/Products/Debug-iphonesimulator/include -Xcc -I/Users/abrahambelayneh/Library/Developer/Xcode/DerivedData/Mira-gjyyxrfpjqjqafbxhcwqebtewkru/Build/Intermediates.noindex/Mira.build/Debug-iphonesimulator/Mira.build/DerivedSources-normal/arm64 -Xcc -I/Users/abrahambelayneh/Library/Developer/Xcode/DerivedData/Mira-gjyyxrfpjqjqafbxhcwqebtewkru/Build/Intermediates.noindex/Mira.build/Debug-iphonesimulator/Mira.build/DerivedSources/arm64 -Xcc -I/Users/abrahambelayneh/Library/Developer/Xcode/DerivedData/Mira-gjyyxrfpjqjqafbxhcwqebtewkru/Build/Intermediates.noindex/Mira.build/Debug-iphonesimulator/Mira.build/DerivedSources -emit-objc-header -emit-objc-header-path /Users/abrahambelayneh/Library/Developer/Xcode/DerivedData/Mira-gjyyxrfpjqjqafbxhcwqebtewkru/Build/Intermediates.noindex/Mira.build/Debug-iphonesimulator/Mira.build/Objects-normal/arm64/Mira-Swift.h -working-directory /tmp/tastebench-task003-hermes-0808827/Mira -experimental-emit-module-separately -disable-cmo

CreateUniversalBinary /Users/abrahambelayneh/Library/Developer/Xcode/DerivedData/Mira-gjyyxrfpjqjqafbxhcwqebtewkru/Build/Products/Debug-iphonesimulator/Mira.app/__preview.dylib normal arm64\ x86_64 (in target 'Mira' from project 'Mira')
    cd /tmp/tastebench-task003-hermes-0808827/Mira
    /Applications/Xcode.app/Contents/Developer/Toolchains/XcodeDefault.xctoolchain/usr/bin/lipo -create /Users/abrahambelayneh/Library/Developer/Xcode/DerivedData/Mira-gjyyxrfpjqjqafbxhcwqebtewkru/Build/Intermediates.noindex/Mira.build/Debug-iphonesimulator/Mira.build/Objects-normal/arm64/Binary/__preview.dylib /Users/abrahambelayneh/Library/Developer/Xcode/DerivedData/Mira-gjyyxrfpjqjqafbxhcwqebtewkru/Build/Intermediates.noindex/Mira.build/Debug-iphonesimulator/Mira.build/Objects-normal/x86_64/Binary/__preview.dylib -output /Users/abrahambelayneh/Library/Developer/Xcode/DerivedData/Mira-gjyyxrfpjqjqafbxhcwqebtewkru/Build/Products/Debug-iphonesimulator/Mira.app/__preview.dylib

SwiftCompile normal arm64 Compiling\ MiraApp.swift,\ JournalEntryCard.swift,\ MoodTag.swift /tmp/tastebench-task003-hermes-0808827/Mira/Mira/App/MiraApp.swift /tmp/tastebench-task003-hermes-0808827/Mira/Mira/Components/JournalEntryCard.swift /tmp/tastebench-task003-hermes-0808827/Mira/Mira/Components/MoodTag.swift (in target 'Mira' from project 'Mira')

SwiftCompile normal arm64 /tmp/tastebench-task003-hermes-0808827/Mira/Mira/App/MiraApp.swift (in target 'Mira' from project 'Mira')
    cd /tmp/tastebench-task003-hermes-0808827/Mira
    

SwiftCompile normal arm64 /tmp/tastebench-task003-hermes-0808827/Mira/Mira/Components/JournalEntryCard.swift (in target 'Mira' from project 'Mira')
    cd /tmp/tastebench-task003-hermes-0808827/Mira
    

SwiftCompile normal arm64 /tmp/tastebench-task003-hermes-0808827/Mira/Mira/Components/MoodTag.swift (in target 'Mira' from project 'Mira')
    cd /tmp/tastebench-task003-hermes-0808827/Mira
    

SwiftCompile normal arm64 Compiling\ PrimaryButton.swift,\ ReflectionPromptCard.swift /tmp/tastebench-task003-hermes-0808827/Mira/Mira/Components/PrimaryButton.swift /tmp/tastebench-task003-hermes-0808827/Mira/Mira/Components/ReflectionPromptCard.swift (in target 'Mira' from project 'Mira')
SwiftCompile normal arm64 /tmp/tastebench-task003-hermes-0808827/Mira/Mira/Components/PrimaryButton.swift (in target 'Mira' from project 'Mira')
    cd /tmp/tastebench-task003-hermes-0808827/Mira
    

SwiftCompile normal arm64 /tmp/tastebench-task003-hermes-0808827/Mira/Mira/Components/ReflectionPromptCard.swift (in target 'Mira' from project 'Mira')
    cd /tmp/tastebench-task003-hermes-0808827/Mira
    

SwiftCompile normal arm64 Compiling\ MiraColors.swift,\ MiraShadow.swift /tmp/tastebench-task003-hermes-0808827/Mira/Mira/DesignSystem/MiraColors.swift /tmp/tastebench-task003-hermes-0808827/Mira/Mira/DesignSystem/MiraShadow.swift (in target 'Mira' from project 'Mira')

SwiftCompile normal arm64 /tmp/tastebench-task003-hermes-0808827/Mira/Mira/DesignSystem/MiraColors.swift (in target 'Mira' from project 'Mira')
    cd /tmp/tastebench-task003-hermes-0808827/Mira
    

SwiftCompile normal arm64 /tmp/tastebench-task003-hermes-0808827/Mira/Mira/DesignSystem/MiraShadow.swift (in target 'Mira' from project 'Mira')
    cd /tmp/tastebench-task003-hermes-0808827/Mira
    

SwiftEmitModule normal arm64 Emitting\ module\ for\ Mira (in target 'Mira' from project 'Mira')

EmitSwiftModule normal arm64 (in target 'Mira' from project 'Mira')
    cd /tmp/tastebench-task003-hermes-0808827/Mira
    

SwiftCompile normal arm64 Compiling\ JournalViewModel.swift,\ MiraSurfaceStyle.swift /tmp/tastebench-task003-hermes-0808827/Mira/Mira/ViewModels/JournalViewModel.swift /tmp/tastebench-task003-hermes-0808827/Mira/Mira/DesignSystem/MiraSurfaceStyle.swift (in target 'Mira' from project 'Mira')

SwiftCompile normal arm64 /tmp/tastebench-task003-hermes-0808827/Mira/Mira/ViewModels/JournalViewModel.swift (in target 'Mira' from project 'Mira')
    cd /tmp/tastebench-task003-hermes-0808827/Mira
    

SwiftCompile normal arm64 /tmp/tastebench-task003-hermes-0808827/Mira/Mira/DesignSystem/MiraSurfaceStyle.swift (in target 'Mira' from project 'Mira')
    cd /tmp/tastebench-task003-hermes-0808827/Mira
    

SwiftCompile normal arm64 Compiling\ SettingsView.swift,\ TodayView.swift /tmp/tastebench-task003-hermes-0808827/Mira/Mira/Screens/Settings/SettingsView.swift /tmp/tastebench-task003-hermes-0808827/Mira/Mira/Screens/Today/TodayView.swift (in target 'Mira' from project 'Mira')

SwiftCompile normal arm64 /tmp/tastebench-task003-hermes-0808827/Mira/Mira/Screens/Settings/SettingsView.swift (in target 'Mira' from project 'Mira')
    cd /tmp/tastebench-task003-hermes-0808827/Mira
    

SwiftCompile normal arm64 /tmp/tastebench-task003-hermes-0808827/Mira/Mira/Screens/Today/TodayView.swift (in target 'Mira' from project 'Mira')
    cd /tmp/tastebench-task003-hermes-0808827/Mira
    

SwiftCompile normal arm64 Compiling\ MiraSpacing.swift,\ MiraTypography.swift /tmp/tastebench-task003-hermes-0808827/Mira/Mira/DesignSystem/MiraSpacing.swift /tmp/tastebench-task003-hermes-0808827/Mira/Mira/DesignSystem/MiraTypography.swift (in target 'Mira' from project 'Mira')
SwiftCompile normal arm64 /tmp/tastebench-task003-hermes-0808827/Mira/Mira/DesignSystem/MiraSpacing.swift (in target 'Mira' from project 'Mira')
    cd /tmp/tastebench-task003-hermes-0808827/Mira
    

SwiftCompile normal arm64 /tmp/tastebench-task003-hermes-0808827/Mira/Mira/DesignSystem/MiraTypography.swift (in target 'Mira' from project 'Mira')
    cd /tmp/tastebench-task003-hermes-0808827/Mira
    

SwiftCompile normal arm64 Compiling\ JournalView.swift,\ NewEntryView.swift /tmp/tastebench-task003-hermes-0808827/Mira/Mira/Screens/Journal/JournalView.swift /tmp/tastebench-task003-hermes-0808827/Mira/Mira/Screens/NewEntry/NewEntryView.swift (in target 'Mira' from project 'Mira')

SwiftCompile normal arm64 /tmp/tastebench-task003-hermes-0808827/Mira/Mira/Screens/Journal/JournalView.swift (in target 'Mira' from project 'Mira')
    cd /tmp/tastebench-task003-hermes-0808827/Mira
    

SwiftCompile normal arm64 /tmp/tastebench-task003-hermes-0808827/Mira/Mira/Screens/NewEntry/NewEntryView.swift (in target 'Mira' from project 'Mira')
    cd /tmp/tastebench-task003-hermes-0808827/Mira
    

SwiftCompile normal arm64 Compiling\ Mood.swift,\ EntryDetailView.swift /tmp/tastebench-task003-hermes-0808827/Mira/Mira/Models/Mood.swift /tmp/tastebench-task003-hermes-0808827/Mira/Mira/Screens/EntryDetail/EntryDetailView.swift (in target 'Mira' from project 'Mira')

SwiftCompile normal arm64 /tmp/tastebench-task003-hermes-0808827/Mira/Mira/Models/Mood.swift (in target 'Mira' from project 'Mira')
    cd /tmp/tastebench-task003-hermes-0808827/Mira
    

SwiftCompile normal arm64 /tmp/tastebench-task003-hermes-0808827/Mira/Mira/Screens/EntryDetail/EntryDetailView.swift (in target 'Mira' from project 'Mira')
    cd /tmp/tastebench-task003-hermes-0808827/Mira
    

SwiftCompile normal arm64 Compiling\ MoodStyle.swift,\ JournalEntry.swift /tmp/tastebench-task003-hermes-0808827/Mira/Mira/DesignSystem/MoodStyle.swift /tmp/tastebench-task003-hermes-0808827/Mira/Mira/Models/JournalEntry.swift (in target 'Mira' from project 'Mira')

SwiftCompile normal arm64 /tmp/tastebench-task003-hermes-0808827/Mira/Mira/DesignSystem/MoodStyle.swift (in target 'Mira' from project 'Mira')
    cd /tmp/tastebench-task003-hermes-0808827/Mira
    

SwiftCompile normal arm64 /tmp/tastebench-task003-hermes-0808827/Mira/Mira/Models/JournalEntry.swift (in target 'Mira' from project 'Mira')
    cd /tmp/tastebench-task003-hermes-0808827/Mira
    

SwiftEmitModule normal x86_64 Emitting\ module\ for\ Mira (in target 'Mira' from project 'Mira')

EmitSwiftModule normal x86_64 (in target 'Mira' from project 'Mira')
    cd /tmp/tastebench-task003-hermes-0808827/Mira
    

SwiftDriverJobDiscovery normal arm64 Emitting module for Mira (in target 'Mira' from project 'Mira')

SwiftDriver\ Compilation\ Requirements Mira normal arm64 com.apple.xcode.tools.swift.compiler (in target 'Mira' from project 'Mira')
    cd /tmp/tastebench-task003-hermes-0808827/Mira
    builtin-Swift-Compilation-Requirements -- /Applications/Xcode.app/Contents/Developer/Toolchains/XcodeDefault.xctoolchain/usr/bin/swiftc -module-name Mira -Onone @/Users/abrahambelayneh/Library/Developer/Xcode/DerivedData/Mira-gjyyxrfpjqjqafbxhcwqebtewkru/Build/Intermediates.noindex/Mira.build/Debug-iphonesimulator/Mira.build/Objects-normal/arm64/Mira.SwiftFileList -DDEBUG -enable-bare-slash-regex -enable-experimental-feature DebugDescriptionMacro -sdk /Applications/Xcode.app/Contents/Developer/Platforms/iPhoneSimulator.platform/Developer/SDKs/iPhoneSimulator26.4.sdk -target arm64-apple-ios17.0-simulator -g -module-cache-path /Users/abrahambelayneh/Library/Developer/Xcode/DerivedData/ModuleCache.noindex -Xfrontend -serialize-debugging-options -enable-testing -index-store-path /Users/abrahambelayneh/Library/Developer/Xcode/DerivedData/Mira-gjyyxrfpjqjqafbxhcwqebtewkru/Index.noindex/DataStore -Xcc -D_LIBCPP_HARDENING_MODE\=_LIBCPP_HARDENING_MODE_DEBUG -swift-version 5 -I /Users/abrahambelayneh/Library/Developer/Xcode/DerivedData/Mira-gjyyxrfpjqjqafbxhcwqebtewkru/Build/Products/Debug-iphonesimulator -F /Users/abrahambelayneh/Library/Developer/Xcode/DerivedData/Mira-gjyyxrfpjqjqafbxhcwqebtewkru/Build/Products/Debug-iphonesimulator -c -j10 -enable-batch-mode -incremental -Xcc -ivfsstatcache -Xcc /Users/abrahambelayneh/Library/Developer/Xcode/DerivedData/SDKStatCaches.noindex/iphonesimulator26.4-23E252-686eebb5dc1d8ecb277353a59184f4aa.sdkstatcache -output-file-map /Users/abrahambelayneh/Library/Developer/Xcode/DerivedData/Mira-gjyyxrfpjqjqafbxhcwqebtewkru/Build/Intermediates.noindex/Mira.build/Debug-iphonesimulator/Mira.build/Objects-normal/arm64/Mira-OutputFileMap.json -use-frontend-parseable-output -save-temps -no-color-diagnostics -explicit-module-build -module-cache-path /Users/abrahambelayneh/Library/Developer/Xcode/DerivedData/Mira-gjyyxrfpjqjqafbxhcwqebtewkru/Build/Intermediates.noindex/SwiftExplicitPrecompiledModules -clang-scanner-module-cache-path /Users/abrahambelayneh/Library/Developer/Xcode/DerivedData/ModuleCache.noindex -sdk-module-cache-path /Users/abrahambelayneh/Library/Developer/Xcode/DerivedData/ModuleCache.noindex -serialize-diagnostics -emit-dependencies -emit-module -emit-module-path /Users/abrahambelayneh/Library/Developer/Xcode/DerivedData/Mira-gjyyxrfpjqjqafbxhcwqebtewkru/Build/Intermediates.noindex/Mira.build/Debug-iphonesimulator/Mira.build/Objects-normal/arm64/Mira.swiftmodule -validate-clang-modules-once -clang-build-session-file /Users/abrahambelayneh/Library/Developer/Xcode/DerivedData/ModuleCache.noindex/Session.modulevalidation -Xcc -I/Users/abrahambelayneh/Library/Developer/Xcode/DerivedData/Mira-gjyyxrfpjqjqafbxhcwqebtewkru/Build/Intermediates.noindex/Mira.build/Debug-iphonesimulator/Mira.build/swift-overrides.hmap -emit-const-values -Xfrontend -const-gather-protocols-file -Xfrontend /Users/abrahambelayneh/Library/Developer/Xcode/DerivedData/Mira-gjyyxrfpjqjqafbxhcwqebtewkru/Build/Intermediates.noindex/Mira.build/Debug-iphonesimulator/Mira.build/Objects-normal/arm64/Mira_const_extract_protocols.json -Xcc -iquote -Xcc /Users/abrahambelayneh/Library/Developer/Xcode/DerivedData/Mira-gjyyxrfpjqjqafbxhcwqebtewkru/Build/Intermediates.noindex/Mira.build/Debug-iphonesimulator/Mira.build/Mira-generated-files.hmap -Xcc -I/Users/abrahambelayneh/Library/Developer/Xcode/DerivedData/Mira-gjyyxrfpjqjqafbxhcwqebtewkru/Build/Intermediates.noindex/Mira.build/Debug-iphonesimulator/Mira.build/Mira-own-target-headers.hmap -Xcc -I/Users/abrahambelayneh/Library/Developer/Xcode/DerivedData/Mira-gjyyxrfpjqjqafbxhcwqebtewkru/Build/Intermediates.noindex/Mira.build/Debug-iphonesimulator/Mira.build/Mira-all-target-headers.hmap -Xcc -iquote -Xcc /Users/abrahambelayneh/Library/Developer/Xcode/DerivedData/Mira-gjyyxrfpjqjqafbxhcwqebtewkru/Build/Intermediates.noindex/Mira.build/Debug-iphonesimulator/Mira.build/Mira-project-headers.hmap -Xcc -I/Users/abrahambelayneh/Library/Developer/Xcode/DerivedData/Mira-gjyyxrfpjqjqafbxhcwqebtewkru/Build/Products/Debug-iphonesimulator/include -Xcc -I/Users/abrahambelayneh/Library/Developer/Xcode/DerivedData/Mira-gjyyxrfpjqjqafbxhcwqebtewkru/Build/Intermediates.noindex/Mira.build/Debug-iphonesimulator/Mira.build/DerivedSources-normal/arm64 -Xcc -I/Users/abrahambelayneh/Library/Developer/Xcode/DerivedData/Mira-gjyyxrfpjqjqafbxhcwqebtewkru/Build/Intermediates.noindex/Mira.build/Debug-iphonesimulator/Mira.build/DerivedSources/arm64 -Xcc -I/Users/abrahambelayneh/Library/Developer/Xcode/DerivedData/Mira-gjyyxrfpjqjqafbxhcwqebtewkru/Build/Intermediates.noindex/Mira.build/Debug-iphonesimulator/Mira.build/DerivedSources -emit-objc-header -emit-objc-header-path /Users/abrahambelayneh/Library/Developer/Xcode/DerivedData/Mira-gjyyxrfpjqjqafbxhcwqebtewkru/Build/Intermediates.noindex/Mira.build/Debug-iphonesimulator/Mira.build/Objects-normal/arm64/Mira-Swift.h -working-directory /tmp/tastebench-task003-hermes-0808827/Mira -experimental-emit-module-separately -disable-cmo

SwiftDriverJobDiscovery normal x86_64 Emitting module for Mira (in target 'Mira' from project 'Mira')

SwiftDriver\ Compilation\ Requirements Mira normal x86_64 com.apple.xcode.tools.swift.compiler (in target 'Mira' from project 'Mira')
    cd /tmp/tastebench-task003-hermes-0808827/Mira
    builtin-Swift-Compilation-Requirements -- /Applications/Xcode.app/Contents/Developer/Toolchains/XcodeDefault.xctoolchain/usr/bin/swiftc -module-name Mira -Onone @/Users/abrahambelayneh/Library/Developer/Xcode/DerivedData/Mira-gjyyxrfpjqjqafbxhcwqebtewkru/Build/Intermediates.noindex/Mira.build/Debug-iphonesimulator/Mira.build/Objects-normal/x86_64/Mira.SwiftFileList -DDEBUG -enable-bare-slash-regex -enable-experimental-feature DebugDescriptionMacro -sdk /Applications/Xcode.app/Contents/Developer/Platforms/iPhoneSimulator.platform/Developer/SDKs/iPhoneSimulator26.4.sdk -target x86_64-apple-ios17.0-simulator -g -module-cache-path /Users/abrahambelayneh/Library/Developer/Xcode/DerivedData/ModuleCache.noindex -Xfrontend -serialize-debugging-options -enable-testing -index-store-path /Users/abrahambelayneh/Library/Developer/Xcode/DerivedData/Mira-gjyyxrfpjqjqafbxhcwqebtewkru/Index.noindex/DataStore -Xcc -D_LIBCPP_HARDENING_MODE\=_LIBCPP_HARDENING_MODE_DEBUG -swift-version 5 -I /Users/abrahambelayneh/Library/Developer/Xcode/DerivedData/Mira-gjyyxrfpjqjqafbxhcwqebtewkru/Build/Products/Debug-iphonesimulator -F /Users/abrahambelayneh/Library/Developer/Xcode/DerivedData/Mira-gjyyxrfpjqjqafbxhcwqebtewkru/Build/Products/Debug-iphonesimulator -c -j10 -enable-batch-mode -incremental -Xcc -ivfsstatcache -Xcc /Users/abrahambelayneh/Library/Developer/Xcode/DerivedData/SDKStatCaches.noindex/iphonesimulator26.4-23E252-686eebb5dc1d8ecb277353a59184f4aa.sdkstatcache -output-file-map /Users/abrahambelayneh/Library/Developer/Xcode/DerivedData/Mira-gjyyxrfpjqjqafbxhcwqebtewkru/Build/Intermediates.noindex/Mira.build/Debug-iphonesimulator/Mira.build/Objects-normal/x86_64/Mira-OutputFileMap.json -use-frontend-parseable-output -save-temps -no-color-diagnostics -explicit-module-build -module-cache-path /Users/abrahambelayneh/Library/Developer/Xcode/DerivedData/Mira-gjyyxrfpjqjqafbxhcwqebtewkru/Build/Intermediates.noindex/SwiftExplicitPrecompiledModules -clang-scanner-module-cache-path /Users/abrahambelayneh/Library/Developer/Xcode/DerivedData/ModuleCache.noindex -sdk-module-cache-path /Users/abrahambelayneh/Library/Developer/Xcode/DerivedData/ModuleCache.noindex -serialize-diagnostics -emit-dependencies -emit-module -emit-module-path /Users/abrahambelayneh/Library/Developer/Xcode/DerivedData/Mira-gjyyxrfpjqjqafbxhcwqebtewkru/Build/Intermediates.noindex/Mira.build/Debug-iphonesimulator/Mira.build/Objects-normal/x86_64/Mira.swiftmodule -validate-clang-modules-once -clang-build-session-file /Users/abrahambelayneh/Library/Developer/Xcode/DerivedData/ModuleCache.noindex/Session.modulevalidation -Xcc -I/Users/abrahambelayneh/Library/Developer/Xcode/DerivedData/Mira-gjyyxrfpjqjqafbxhcwqebtewkru/Build/Intermediates.noindex/Mira.build/Debug-iphonesimulator/Mira.build/swift-overrides.hmap -emit-const-values -Xfrontend -const-gather-protocols-file -Xfrontend /Users/abrahambelayneh/Library/Developer/Xcode/DerivedData/Mira-gjyyxrfpjqjqafbxhcwqebtewkru/Build/Intermediates.noindex/Mira.build/Debug-iphonesimulator/Mira.build/Objects-normal/x86_64/Mira_const_extract_protocols.json -Xcc -iquote -Xcc /Users/abrahambelayneh/Library/Developer/Xcode/DerivedData/Mira-gjyyxrfpjqjqafbxhcwqebtewkru/Build/Intermediates.noindex/Mira.build/Debug-iphonesimulator/Mira.build/Mira-generated-files.hmap -Xcc -I/Users/abrahambelayneh/Library/Developer/Xcode/DerivedData/Mira-gjyyxrfpjqjqafbxhcwqebtewkru/Build/Intermediates.noindex/Mira.build/Debug-iphonesimulator/Mira.build/Mira-own-target-headers.hmap -Xcc -I/Users/abrahambelayneh/Library/Developer/Xcode/DerivedData/Mira-gjyyxrfpjqjqafbxhcwqebtewkru/Build/Intermediates.noindex/Mira.build/Debug-iphonesimulator/Mira.build/Mira-all-target-headers.hmap -Xcc -iquote -Xcc /Users/abrahambelayneh/Library/Developer/Xcode/DerivedData/Mira-gjyyxrfpjqjqafbxhcwqebtewkru/Build/Intermediates.noindex/Mira.build/Debug-iphonesimulator/Mira.build/Mira-project-headers.hmap -Xcc -I/Users/abrahambelayneh/Library/Developer/Xcode/DerivedData/Mira-gjyyxrfpjqjqafbxhcwqebtewkru/Build/Products/Debug-iphonesimulator/include -Xcc -I/Users/abrahambelayneh/Library/Developer/Xcode/DerivedData/Mira-gjyyxrfpjqjqafbxhcwqebtewkru/Build/Intermediates.noindex/Mira.build/Debug-iphonesimulator/Mira.build/DerivedSources-normal/x86_64 -Xcc -I/Users/abrahambelayneh/Library/Developer/Xcode/DerivedData/Mira-gjyyxrfpjqjqafbxhcwqebtewkru/Build/Intermediates.noindex/Mira.build/Debug-iphonesimulator/Mira.build/DerivedSources/x86_64 -Xcc -I/Users/abrahambelayneh/Library/Developer/Xcode/DerivedData/Mira-gjyyxrfpjqjqafbxhcwqebtewkru/Build/Intermediates.noindex/Mira.build/Debug-iphonesimulator/Mira.build/DerivedSources -emit-objc-header -emit-objc-header-path /Users/abrahambelayneh/Library/Developer/Xcode/DerivedData/Mira-gjyyxrfpjqjqafbxhcwqebtewkru/Build/Intermediates.noindex/Mira.build/Debug-iphonesimulator/Mira.build/Objects-normal/x86_64/Mira-Swift.h -working-directory /tmp/tastebench-task003-hermes-0808827/Mira -experimental-emit-module-separately -disable-cmo

SwiftCompile normal x86_64 Compiling\ SettingsView.swift,\ TodayView.swift /tmp/tastebench-task003-hermes-0808827/Mira/Mira/Screens/Settings/SettingsView.swift /tmp/tastebench-task003-hermes-0808827/Mira/Mira/Screens/Today/TodayView.swift (in target 'Mira' from project 'Mira')
SwiftCompile normal x86_64 /tmp/tastebench-task003-hermes-0808827/Mira/Mira/Screens/Settings/SettingsView.swift (in target 'Mira' from project 'Mira')
    cd /tmp/tastebench-task003-hermes-0808827/Mira
    

SwiftCompile normal x86_64 /tmp/tastebench-task003-hermes-0808827/Mira/Mira/Screens/Today/TodayView.swift (in target 'Mira' from project 'Mira')
    cd /tmp/tastebench-task003-hermes-0808827/Mira
    

SwiftMergeGeneratedHeaders /Users/abrahambelayneh/Library/Developer/Xcode/DerivedData/Mira-gjyyxrfpjqjqafbxhcwqebtewkru/Build/Intermediates.noindex/Mira.build/Debug-iphonesimulator/Mira.build/DerivedSources/Mira-Swift.h /Users/abrahambelayneh/Library/Developer/Xcode/DerivedData/Mira-gjyyxrfpjqjqafbxhcwqebtewkru/Build/Intermediates.noindex/Mira.build/Debug-iphonesimulator/Mira.build/Objects-normal/arm64/Mira-Swift.h /Users/abrahambelayneh/Library/Developer/Xcode/DerivedData/Mira-gjyyxrfpjqjqafbxhcwqebtewkru/Build/Intermediates.noindex/Mira.build/Debug-iphonesimulator/Mira.build/Objects-normal/x86_64/Mira-Swift.h (in target 'Mira' from project 'Mira')
    cd /tmp/tastebench-task003-hermes-0808827/Mira
    builtin-swiftHeaderTool -arch arm64 /Users/abrahambelayneh/Library/Developer/Xcode/DerivedData/Mira-gjyyxrfpjqjqafbxhcwqebtewkru/Build/Intermediates.noindex/Mira.build/Debug-iphonesimulator/Mira.build/Objects-normal/arm64/Mira-Swift.h -arch x86_64 /Users/abrahambelayneh/Library/Developer/Xcode/DerivedData/Mira-gjyyxrfpjqjqafbxhcwqebtewkru/Build/Intermediates.noindex/Mira.build/Debug-iphonesimulator/Mira.build/Objects-normal/x86_64/Mira-Swift.h -o /Users/abrahambelayneh/Library/Developer/Xcode/DerivedData/Mira-gjyyxrfpjqjqafbxhcwqebtewkru/Build/Intermediates.noindex/Mira.build/Debug-iphonesimulator/Mira.build/DerivedSources/Mira-Swift.h

SwiftDriverJobDiscovery normal arm64 Compiling JournalViewModel.swift, MiraSurfaceStyle.swift (in target 'Mira' from project 'Mira')

Copy /Users/abrahambelayneh/Library/Developer/Xcode/DerivedData/Mira-gjyyxrfpjqjqafbxhcwqebtewkru/Build/Products/Debug-iphonesimulator/Mira.swiftmodule/x86_64-apple-ios-simulator.swiftmodule /Users/abrahambelayneh/Library/Developer/Xcode/DerivedData/Mira-gjyyxrfpjqjqafbxhcwqebtewkru/Build/Intermediates.noindex/Mira.build/Debug-iphonesimulator/Mira.build/Objects-normal/x86_64/Mira.swiftmodule (in target 'Mira' from project 'Mira')
    cd /tmp/tastebench-task003-hermes-0808827/Mira
    builtin-copy -exclude .DS_Store -exclude CVS -exclude .svn -exclude .git -exclude .hg -strip-unsigned-binaries -strip-deterministic -strip-tool /Applications/Xcode.app/Contents/Developer/Toolchains/XcodeDefault.xctoolchain/usr/bin/strip -resolve-src-symlinks -rename /Users/abrahambelayneh/Library/Developer/Xcode/DerivedData/Mira-gjyyxrfpjqjqafbxhcwqebtewkru/Build/Intermediates.noindex/Mira.build/Debug-iphonesimulator/Mira.build/Objects-normal/x86_64/Mira.swiftmodule /Users/abrahambelayneh/Library/Developer/Xcode/DerivedData/Mira-gjyyxrfpjqjqafbxhcwqebtewkru/Build/Products/Debug-iphonesimulator/Mira.swiftmodule/x86_64-apple-ios-simulator.swiftmodule

Copy /Users/abrahambelayneh/Library/Developer/Xcode/DerivedData/Mira-gjyyxrfpjqjqafbxhcwqebtewkru/Build/Products/Debug-iphonesimulator/Mira.swiftmodule/x86_64-apple-ios-simulator.swiftdoc /Users/abrahambelayneh/Library/Developer/Xcode/DerivedData/Mira-gjyyxrfpjqjqafbxhcwqebtewkru/Build/Intermediates.noindex/Mira.build/Debug-iphonesimulator/Mira.build/Objects-normal/x86_64/Mira.swiftdoc (in target 'Mira' from project 'Mira')
    cd /tmp/tastebench-task003-hermes-0808827/Mira
    builtin-copy -exclude .DS_Store -exclude CVS -exclude .svn -exclude .git -exclude .hg -strip-unsigned-binaries -strip-deterministic -strip-tool /Applications/Xcode.app/Contents/Developer/Toolchains/XcodeDefault.xctoolchain/usr/bin/strip -resolve-src-symlinks -rename /Users/abrahambelayneh/Library/Developer/Xcode/DerivedData/Mira-gjyyxrfpjqjqafbxhcwqebtewkru/Build/Intermediates.noindex/Mira.build/Debug-iphonesimulator/Mira.build/Objects-normal/x86_64/Mira.swiftdoc /Users/abrahambelayneh/Library/Developer/Xcode/DerivedData/Mira-gjyyxrfpjqjqafbxhcwqebtewkru/Build/Products/Debug-iphonesimulator/Mira.swiftmodule/x86_64-apple-ios-simulator.swiftdoc

Copy /Users/abrahambelayneh/Library/Developer/Xcode/DerivedData/Mira-gjyyxrfpjqjqafbxhcwqebtewkru/Build/Products/Debug-iphonesimulator/Mira.swiftmodule/x86_64-apple-ios-simulator.abi.json /Users/abrahambelayneh/Library/Developer/Xcode/DerivedData/Mira-gjyyxrfpjqjqafbxhcwqebtewkru/Build/Intermediates.noindex/Mira.build/Debug-iphonesimulator/Mira.build/Objects-normal/x86_64/Mira.abi.json (in target 'Mira' from project 'Mira')
    cd /tmp/tastebench-task003-hermes-0808827/Mira
    builtin-copy -exclude .DS_Store -exclude CVS -exclude .svn -exclude .git -exclude .hg -strip-unsigned-binaries -strip-deterministic -strip-tool /Applications/Xcode.app/Contents/Developer/Toolchains/XcodeDefault.xctoolchain/usr/bin/strip -resolve-src-symlinks -rename /Users/abrahambelayneh/Library/Developer/Xcode/DerivedData/Mira-gjyyxrfpjqjqafbxhcwqebtewkru/Build/Intermediates.noindex/Mira.build/Debug-iphonesimulator/Mira.build/Objects-normal/x86_64/Mira.abi.json /Users/abrahambelayneh/Library/Developer/Xcode/DerivedData/Mira-gjyyxrfpjqjqafbxhcwqebtewkru/Build/Products/Debug-iphonesimulator/Mira.swiftmodule/x86_64-apple-ios-simulator.abi.json

SwiftDriverJobDiscovery normal arm64 Compiling SettingsView.swift, TodayView.swift (in target 'Mira' from project 'Mira')

Copy /Users/abrahambelayneh/Library/Developer/Xcode/DerivedData/Mira-gjyyxrfpjqjqafbxhcwqebtewkru/Build/Products/Debug-iphonesimulator/Mira.swiftmodule/arm64-apple-ios-simulator.swiftmodule /Users/abrahambelayneh/Library/Developer/Xcode/DerivedData/Mira-gjyyxrfpjqjqafbxhcwqebtewkru/Build/Intermediates.noindex/Mira.build/Debug-iphonesimulator/Mira.build/Objects-normal/arm64/Mira.swiftmodule (in target 'Mira' from project 'Mira')
    cd /tmp/tastebench-task003-hermes-0808827/Mira
    builtin-copy -exclude .DS_Store -exclude CVS -exclude .svn -exclude .git -exclude .hg -strip-unsigned-binaries -strip-deterministic -strip-tool /Applications/Xcode.app/Contents/Developer/Toolchains/XcodeDefault.xctoolchain/usr/bin/strip -resolve-src-symlinks -rename /Users/abrahambelayneh/Library/Developer/Xcode/DerivedData/Mira-gjyyxrfpjqjqafbxhcwqebtewkru/Build/Intermediates.noindex/Mira.build/Debug-iphonesimulator/Mira.build/Objects-normal/arm64/Mira.swiftmodule /Users/abrahambelayneh/Library/Developer/Xcode/DerivedData/Mira-gjyyxrfpjqjqafbxhcwqebtewkru/Build/Products/Debug-iphonesimulator/Mira.swiftmodule/arm64-apple-ios-simulator.swiftmodule

Copy /Users/abrahambelayneh/Library/Developer/Xcode/DerivedData/Mira-gjyyxrfpjqjqafbxhcwqebtewkru/Build/Products/Debug-iphonesimulator/Mira.swiftmodule/arm64-apple-ios-simulator.swiftdoc /Users/abrahambelayneh/Library/Developer/Xcode/DerivedData/Mira-gjyyxrfpjqjqafbxhcwqebtewkru/Build/Intermediates.noindex/Mira.build/Debug-iphonesimulator/Mira.build/Objects-normal/arm64/Mira.swiftdoc (in target 'Mira' from project 'Mira')
    cd /tmp/tastebench-task003-hermes-0808827/Mira
    builtin-copy -exclude .DS_Store -exclude CVS -exclude .svn -exclude .git -exclude .hg -strip-unsigned-binaries -strip-deterministic -strip-tool /Applications/Xcode.app/Contents/Developer/Toolchains/XcodeDefault.xctoolchain/usr/bin/strip -resolve-src-symlinks -rename /Users/abrahambelayneh/Library/Developer/Xcode/DerivedData/Mira-gjyyxrfpjqjqafbxhcwqebtewkru/Build/Intermediates.noindex/Mira.build/Debug-iphonesimulator/Mira.build/Objects-normal/arm64/Mira.swiftdoc /Users/abrahambelayneh/Library/Developer/Xcode/DerivedData/Mira-gjyyxrfpjqjqafbxhcwqebtewkru/Build/Products/Debug-iphonesimulator/Mira.swiftmodule/arm64-apple-ios-simulator.swiftdoc

Copy /Users/abrahambelayneh/Library/Developer/Xcode/DerivedData/Mira-gjyyxrfpjqjqafbxhcwqebtewkru/Build/Products/Debug-iphonesimulator/Mira.swiftmodule/arm64-apple-ios-simulator.abi.json /Users/abrahambelayneh/Library/Developer/Xcode/DerivedData/Mira-gjyyxrfpjqjqafbxhcwqebtewkru/Build/Intermediates.noindex/Mira.build/Debug-iphonesimulator/Mira.build/Objects-normal/arm64/Mira.abi.json (in target 'Mira' from project 'Mira')
    cd /tmp/tastebench-task003-hermes-0808827/Mira
    builtin-copy -exclude .DS_Store -exclude CVS -exclude .svn -exclude .git -exclude .hg -strip-unsigned-binaries -strip-deterministic -strip-tool /Applications/Xcode.app/Contents/Developer/Toolchains/XcodeDefault.xctoolchain/usr/bin/strip -resolve-src-symlinks -rename /Users/abrahambelayneh/Library/Developer/Xcode/DerivedData/Mira-gjyyxrfpjqjqafbxhcwqebtewkru/Build/Intermediates.noindex/Mira.build/Debug-iphonesimulator/Mira.build/Objects-normal/arm64/Mira.abi.json /Users/abrahambelayneh/Library/Developer/Xcode/DerivedData/Mira-gjyyxrfpjqjqafbxhcwqebtewkru/Build/Products/Debug-iphonesimulator/Mira.swiftmodule/arm64-apple-ios-simulator.abi.json

Copy /Users/abrahambelayneh/Library/Developer/Xcode/DerivedData/Mira-gjyyxrfpjqjqafbxhcwqebtewkru/Build/Products/Debug-iphonesimulator/Mira.swiftmodule/Project/x86_64-apple-ios-simulator.swiftsourceinfo /Users/abrahambelayneh/Library/Developer/Xcode/DerivedData/Mira-gjyyxrfpjqjqafbxhcwqebtewkru/Build/Intermediates.noindex/Mira.build/Debug-iphonesimulator/Mira.build/Objects-normal/x86_64/Mira.swiftsourceinfo (in target 'Mira' from project 'Mira')
    cd /tmp/tastebench-task003-hermes-0808827/Mira
    builtin-copy -exclude .DS_Store -exclude CVS -exclude .svn -exclude .git -exclude .hg -strip-unsigned-binaries -strip-deterministic -strip-tool /Applications/Xcode.app/Contents/Developer/Toolchains/XcodeDefault.xctoolchain/usr/bin/strip -resolve-src-symlinks -rename /Users/abrahambelayneh/Library/Developer/Xcode/DerivedData/Mira-gjyyxrfpjqjqafbxhcwqebtewkru/Build/Intermediates.noindex/Mira.build/Debug-iphonesimulator/Mira.build/Objects-normal/x86_64/Mira.swiftsourceinfo /Users/abrahambelayneh/Library/Developer/Xcode/DerivedData/Mira-gjyyxrfpjqjqafbxhcwqebtewkru/Build/Products/Debug-iphonesimulator/Mira.swiftmodule/Project/x86_64-apple-ios-simulator.swiftsourceinfo

Copy /Users/abrahambelayneh/Library/Developer/Xcode/DerivedData/Mira-gjyyxrfpjqjqafbxhcwqebtewkru/Build/Products/Debug-iphonesimulator/Mira.swiftmodule/Project/arm64-apple-ios-simulator.swiftsourceinfo /Users/abrahambelayneh/Library/Developer/Xcode/DerivedData/Mira-gjyyxrfpjqjqafbxhcwqebtewkru/Build/Intermediates.noindex/Mira.build/Debug-iphonesimulator/Mira.build/Objects-normal/arm64/Mira.swiftsourceinfo (in target 'Mira' from project 'Mira')
    cd /tmp/tastebench-task003-hermes-0808827/Mira
    builtin-copy -exclude .DS_Store -exclude CVS -exclude .svn -exclude .git -exclude .hg -strip-unsigned-binaries -strip-deterministic -strip-tool /Applications/Xcode.app/Contents/Developer/Toolchains/XcodeDefault.xctoolchain/usr/bin/strip -resolve-src-symlinks -rename /Users/abrahambelayneh/Library/Developer/Xcode/DerivedData/Mira-gjyyxrfpjqjqafbxhcwqebtewkru/Build/Intermediates.noindex/Mira.build/Debug-iphonesimulator/Mira.build/Objects-normal/arm64/Mira.swiftsourceinfo /Users/abrahambelayneh/Library/Developer/Xcode/DerivedData/Mira-gjyyxrfpjqjqafbxhcwqebtewkru/Build/Products/Debug-iphonesimulator/Mira.swiftmodule/Project/arm64-apple-ios-simulator.swiftsourceinfo

SwiftCompile normal x86_64 Compiling\ SectionHeader.swift,\ SampleData.swift /tmp/tastebench-task003-hermes-0808827/Mira/Mira/Components/SectionHeader.swift /tmp/tastebench-task003-hermes-0808827/Mira/Mira/Data/SampleData.swift (in target 'Mira' from project 'Mira')

SwiftCompile normal x86_64 /tmp/tastebench-task003-hermes-0808827/Mira/Mira/Components/SectionHeader.swift (in target 'Mira' from project 'Mira')
    cd /tmp/tastebench-task003-hermes-0808827/Mira
    

SwiftCompile normal x86_64 /tmp/tastebench-task003-hermes-0808827/Mira/Mira/Data/SampleData.swift (in target 'Mira' from project 'Mira')
    cd /tmp/tastebench-task003-hermes-0808827/Mira
    

SwiftDriverJobDiscovery normal arm64 Compiling MoodStyle.swift, JournalEntry.swift (in target 'Mira' from project 'Mira')

SwiftCompile normal x86_64 Compiling\ PrimaryButton.swift,\ ReflectionPromptCard.swift /tmp/tastebench-task003-hermes-0808827/Mira/Mira/Components/PrimaryButton.swift /tmp/tastebench-task003-hermes-0808827/Mira/Mira/Components/ReflectionPromptCard.swift (in target 'Mira' from project 'Mira')

SwiftCompile normal x86_64 /tmp/tastebench-task003-hermes-0808827/Mira/Mira/Components/PrimaryButton.swift (in target 'Mira' from project 'Mira')
    cd /tmp/tastebench-task003-hermes-0808827/Mira
    

SwiftCompile normal x86_64 /tmp/tastebench-task003-hermes-0808827/Mira/Mira/Components/ReflectionPromptCard.swift (in target 'Mira' from project 'Mira')
    cd /tmp/tastebench-task003-hermes-0808827/Mira
    

SwiftCompile normal x86_64 Compiling\ MiraSpacing.swift,\ MiraTypography.swift /tmp/tastebench-task003-hermes-0808827/Mira/Mira/DesignSystem/MiraSpacing.swift /tmp/tastebench-task003-hermes-0808827/Mira/Mira/DesignSystem/MiraTypography.swift (in target 'Mira' from project 'Mira')
SwiftCompile normal x86_64 /tmp/tastebench-task003-hermes-0808827/Mira/Mira/DesignSystem/MiraSpacing.swift (in target 'Mira' from project 'Mira')
    cd /tmp/tastebench-task003-hermes-0808827/Mira
    

SwiftCompile normal x86_64 /tmp/tastebench-task003-hermes-0808827/Mira/Mira/DesignSystem/MiraTypography.swift (in target 'Mira' from project 'Mira')
    cd /tmp/tastebench-task003-hermes-0808827/Mira
    

SwiftCompile normal x86_64 Compiling\ MiraColors.swift,\ MiraShadow.swift /tmp/tastebench-task003-hermes-0808827/Mira/Mira/DesignSystem/MiraColors.swift /tmp/tastebench-task003-hermes-0808827/Mira/Mira/DesignSystem/MiraShadow.swift (in target 'Mira' from project 'Mira')

SwiftCompile normal x86_64 /tmp/tastebench-task003-hermes-0808827/Mira/Mira/DesignSystem/MiraColors.swift (in target 'Mira' from project 'Mira')
    cd /tmp/tastebench-task003-hermes-0808827/Mira
    

SwiftCompile normal x86_64 /tmp/tastebench-task003-hermes-0808827/Mira/Mira/DesignSystem/MiraShadow.swift (in target 'Mira' from project 'Mira')
    cd /tmp/tastebench-task003-hermes-0808827/Mira
    

SwiftDriverJobDiscovery normal arm64 Compiling JournalView.swift, NewEntryView.swift (in target 'Mira' from project 'Mira')

SwiftCompile normal x86_64 Compiling\ Mood.swift,\ EntryDetailView.swift /tmp/tastebench-task003-hermes-0808827/Mira/Mira/Models/Mood.swift /tmp/tastebench-task003-hermes-0808827/Mira/Mira/Screens/EntryDetail/EntryDetailView.swift (in target 'Mira' from project 'Mira')
SwiftCompile normal x86_64 /tmp/tastebench-task003-hermes-0808827/Mira/Mira/Models/Mood.swift (in target 'Mira' from project 'Mira')
    cd /tmp/tastebench-task003-hermes-0808827/Mira
    

SwiftCompile normal x86_64 /tmp/tastebench-task003-hermes-0808827/Mira/Mira/Screens/EntryDetail/EntryDetailView.swift (in target 'Mira' from project 'Mira')
    cd /tmp/tastebench-task003-hermes-0808827/Mira
    

SwiftDriverJobDiscovery normal arm64 Compiling MiraApp.swift, JournalEntryCard.swift, MoodTag.swift (in target 'Mira' from project 'Mira')

SwiftCompile normal x86_64 Compiling\ JournalView.swift,\ NewEntryView.swift /tmp/tastebench-task003-hermes-0808827/Mira/Mira/Screens/Journal/JournalView.swift /tmp/tastebench-task003-hermes-0808827/Mira/Mira/Screens/NewEntry/NewEntryView.swift (in target 'Mira' from project 'Mira')
SwiftCompile normal x86_64 /tmp/tastebench-task003-hermes-0808827/Mira/Mira/Screens/Journal/JournalView.swift (in target 'Mira' from project 'Mira')
    cd /tmp/tastebench-task003-hermes-0808827/Mira
    

SwiftCompile normal x86_64 /tmp/tastebench-task003-hermes-0808827/Mira/Mira/Screens/NewEntry/NewEntryView.swift (in target 'Mira' from project 'Mira')
    cd /tmp/tastebench-task003-hermes-0808827/Mira
    

SwiftDriverJobDiscovery normal arm64 Compiling Mood.swift, EntryDetailView.swift (in target 'Mira' from project 'Mira')

SwiftDriverJobDiscovery normal arm64 Compiling MiraColors.swift, MiraShadow.swift (in target 'Mira' from project 'Mira')

SwiftCompile normal x86_64 Compiling\ JournalViewModel.swift,\ MiraSurfaceStyle.swift /tmp/tastebench-task003-hermes-0808827/Mira/Mira/ViewModels/JournalViewModel.swift /tmp/tastebench-task003-hermes-0808827/Mira/Mira/DesignSystem/MiraSurfaceStyle.swift (in target 'Mira' from project 'Mira')

SwiftCompile normal x86_64 /tmp/tastebench-task003-hermes-0808827/Mira/Mira/ViewModels/JournalViewModel.swift (in target 'Mira' from project 'Mira')
    cd /tmp/tastebench-task003-hermes-0808827/Mira
    

SwiftCompile normal x86_64 /tmp/tastebench-task003-hermes-0808827/Mira/Mira/DesignSystem/MiraSurfaceStyle.swift (in target 'Mira' from project 'Mira')
    cd /tmp/tastebench-task003-hermes-0808827/Mira
    

SwiftCompile normal x86_64 Compiling\ MoodStyle.swift,\ JournalEntry.swift /tmp/tastebench-task003-hermes-0808827/Mira/Mira/DesignSystem/MoodStyle.swift /tmp/tastebench-task003-hermes-0808827/Mira/Mira/Models/JournalEntry.swift (in target 'Mira' from project 'Mira')

SwiftCompile normal x86_64 /tmp/tastebench-task003-hermes-0808827/Mira/Mira/DesignSystem/MoodStyle.swift (in target 'Mira' from project 'Mira')
    cd /tmp/tastebench-task003-hermes-0808827/Mira
    

SwiftCompile normal x86_64 /tmp/tastebench-task003-hermes-0808827/Mira/Mira/Models/JournalEntry.swift (in target 'Mira' from project 'Mira')
    cd /tmp/tastebench-task003-hermes-0808827/Mira
    

SwiftDriverJobDiscovery normal arm64 Compiling PrimaryButton.swift, ReflectionPromptCard.swift (in target 'Mira' from project 'Mira')

SwiftCompile normal x86_64 Compiling\ MiraApp.swift,\ JournalEntryCard.swift,\ MoodTag.swift /tmp/tastebench-task003-hermes-0808827/Mira/Mira/App/MiraApp.swift /tmp/tastebench-task003-hermes-0808827/Mira/Mira/Components/JournalEntryCard.swift /tmp/tastebench-task003-hermes-0808827/Mira/Mira/Components/MoodTag.swift (in target 'Mira' from project 'Mira')

SwiftCompile normal x86_64 /tmp/tastebench-task003-hermes-0808827/Mira/Mira/App/MiraApp.swift (in target 'Mira' from project 'Mira')
    cd /tmp/tastebench-task003-hermes-0808827/Mira
    

SwiftCompile normal x86_64 /tmp/tastebench-task003-hermes-0808827/Mira/Mira/Components/JournalEntryCard.swift (in target 'Mira' from project 'Mira')
    cd /tmp/tastebench-task003-hermes-0808827/Mira
    

SwiftCompile normal x86_64 /tmp/tastebench-task003-hermes-0808827/Mira/Mira/Components/MoodTag.swift (in target 'Mira' from project 'Mira')
    cd /tmp/tastebench-task003-hermes-0808827/Mira
    

SwiftDriverJobDiscovery normal arm64 Compiling MiraSpacing.swift, MiraTypography.swift (in target 'Mira' from project 'Mira')

SwiftCompile normal arm64 Compiling\ SectionHeader.swift,\ SampleData.swift /tmp/tastebench-task003-hermes-0808827/Mira/Mira/Components/SectionHeader.swift /tmp/tastebench-task003-hermes-0808827/Mira/Mira/Data/SampleData.swift (in target 'Mira' from project 'Mira')
SwiftCompile normal arm64 /tmp/tastebench-task003-hermes-0808827/Mira/Mira/Components/SectionHeader.swift (in target 'Mira' from project 'Mira')
    cd /tmp/tastebench-task003-hermes-0808827/Mira
    

SwiftCompile normal arm64 /tmp/tastebench-task003-hermes-0808827/Mira/Mira/Data/SampleData.swift (in target 'Mira' from project 'Mira')
    cd /tmp/tastebench-task003-hermes-0808827/Mira
    

SwiftDriverJobDiscovery normal x86_64 Compiling MoodStyle.swift, JournalEntry.swift (in target 'Mira' from project 'Mira')

SwiftDriverJobDiscovery normal x86_64 Compiling MiraApp.swift, JournalEntryCard.swift, MoodTag.swift (in target 'Mira' from project 'Mira')

SwiftDriverJobDiscovery normal x86_64 Compiling MiraColors.swift, MiraShadow.swift (in target 'Mira' from project 'Mira')

SwiftDriverJobDiscovery normal x86_64 Compiling JournalViewModel.swift, MiraSurfaceStyle.swift (in target 'Mira' from project 'Mira')

SwiftDriverJobDiscovery normal x86_64 Compiling PrimaryButton.swift, ReflectionPromptCard.swift (in target 'Mira' from project 'Mira')

SwiftDriverJobDiscovery normal x86_64 Compiling SectionHeader.swift, SampleData.swift (in target 'Mira' from project 'Mira')

SwiftDriverJobDiscovery normal x86_64 Compiling SettingsView.swift, TodayView.swift (in target 'Mira' from project 'Mira')

SwiftDriverJobDiscovery normal x86_64 Compiling MiraSpacing.swift, MiraTypography.swift (in target 'Mira' from project 'Mira')

SwiftDriverJobDiscovery normal x86_64 Compiling Mood.swift, EntryDetailView.swift (in target 'Mira' from project 'Mira')

SwiftDriverJobDiscovery normal x86_64 Compiling JournalView.swift, NewEntryView.swift (in target 'Mira' from project 'Mira')

SwiftDriver\ Compilation Mira normal x86_64 com.apple.xcode.tools.swift.compiler (in target 'Mira' from project 'Mira')
    cd /tmp/tastebench-task003-hermes-0808827/Mira
    builtin-Swift-Compilation -- /Applications/Xcode.app/Contents/Developer/Toolchains/XcodeDefault.xctoolchain/usr/bin/swiftc -module-name Mira -Onone @/Users/abrahambelayneh/Library/Developer/Xcode/DerivedData/Mira-gjyyxrfpjqjqafbxhcwqebtewkru/Build/Intermediates.noindex/Mira.build/Debug-iphonesimulator/Mira.build/Objects-normal/x86_64/Mira.SwiftFileList -DDEBUG -enable-bare-slash-regex -enable-experimental-feature DebugDescriptionMacro -sdk /Applications/Xcode.app/Contents/Developer/Platforms/iPhoneSimulator.platform/Developer/SDKs/iPhoneSimulator26.4.sdk -target x86_64-apple-ios17.0-simulator -g -module-cache-path /Users/abrahambelayneh/Library/Developer/Xcode/DerivedData/ModuleCache.noindex -Xfrontend -serialize-debugging-options -enable-testing -index-store-path /Users/abrahambelayneh/Library/Developer/Xcode/DerivedData/Mira-gjyyxrfpjqjqafbxhcwqebtewkru/Index.noindex/DataStore -Xcc -D_LIBCPP_HARDENING_MODE\=_LIBCPP_HARDENING_MODE_DEBUG -swift-version 5 -I /Users/abrahambelayneh/Library/Developer/Xcode/DerivedData/Mira-gjyyxrfpjqjqafbxhcwqebtewkru/Build/Products/Debug-iphonesimulator -F /Users/abrahambelayneh/Library/Developer/Xcode/DerivedData/Mira-gjyyxrfpjqjqafbxhcwqebtewkru/Build/Products/Debug-iphonesimulator -c -j10 -enable-batch-mode -incremental -Xcc -ivfsstatcache -Xcc /Users/abrahambelayneh/Library/Developer/Xcode/DerivedData/SDKStatCaches.noindex/iphonesimulator26.4-23E252-686eebb5dc1d8ecb277353a59184f4aa.sdkstatcache -output-file-map /Users/abrahambelayneh/Library/Developer/Xcode/DerivedData/Mira-gjyyxrfpjqjqafbxhcwqebtewkru/Build/Intermediates.noindex/Mira.build/Debug-iphonesimulator/Mira.build/Objects-normal/x86_64/Mira-OutputFileMap.json -use-frontend-parseable-output -save-temps -no-color-diagnostics -explicit-module-build -module-cache-path /Users/abrahambelayneh/Library/Developer/Xcode/DerivedData/Mira-gjyyxrfpjqjqafbxhcwqebtewkru/Build/Intermediates.noindex/SwiftExplicitPrecompiledModules -clang-scanner-module-cache-path /Users/abrahambelayneh/Library/Developer/Xcode/DerivedData/ModuleCache.noindex -sdk-module-cache-path /Users/abrahambelayneh/Library/Developer/Xcode/DerivedData/ModuleCache.noindex -serialize-diagnostics -emit-dependencies -emit-module -emit-module-path /Users/abrahambelayneh/Library/Developer/Xcode/DerivedData/Mira-gjyyxrfpjqjqafbxhcwqebtewkru/Build/Intermediates.noindex/Mira.build/Debug-iphonesimulator/Mira.build/Objects-normal/x86_64/Mira.swiftmodule -validate-clang-modules-once -clang-build-session-file /Users/abrahambelayneh/Library/Developer/Xcode/DerivedData/ModuleCache.noindex/Session.modulevalidation -Xcc -I/Users/abrahambelayneh/Library/Developer/Xcode/DerivedData/Mira-gjyyxrfpjqjqafbxhcwqebtewkru/Build/Intermediates.noindex/Mira.build/Debug-iphonesimulator/Mira.build/swift-overrides.hmap -emit-const-values -Xfrontend -const-gather-protocols-file -Xfrontend /Users/abrahambelayneh/Library/Developer/Xcode/DerivedData/Mira-gjyyxrfpjqjqafbxhcwqebtewkru/Build/Intermediates.noindex/Mira.build/Debug-iphonesimulator/Mira.build/Objects-normal/x86_64/Mira_const_extract_protocols.json -Xcc -iquote -Xcc /Users/abrahambelayneh/Library/Developer/Xcode/DerivedData/Mira-gjyyxrfpjqjqafbxhcwqebtewkru/Build/Intermediates.noindex/Mira.build/Debug-iphonesimulator/Mira.build/Mira-generated-files.hmap -Xcc -I/Users/abrahambelayneh/Library/Developer/Xcode/DerivedData/Mira-gjyyxrfpjqjqafbxhcwqebtewkru/Build/Intermediates.noindex/Mira.build/Debug-iphonesimulator/Mira.build/Mira-own-target-headers.hmap -Xcc -I/Users/abrahambelayneh/Library/Developer/Xcode/DerivedData/Mira-gjyyxrfpjqjqafbxhcwqebtewkru/Build/Intermediates.noindex/Mira.build/Debug-iphonesimulator/Mira.build/Mira-all-target-headers.hmap -Xcc -iquote -Xcc /Users/abrahambelayneh/Library/Developer/Xcode/DerivedData/Mira-gjyyxrfpjqjqafbxhcwqebtewkru/Build/Intermediates.noindex/Mira.build/Debug-iphonesimulator/Mira.build/Mira-project-headers.hmap -Xcc -I/Users/abrahambelayneh/Library/Developer/Xcode/DerivedData/Mira-gjyyxrfpjqjqafbxhcwqebtewkru/Build/Products/Debug-iphonesimulator/include -Xcc -I/Users/abrahambelayneh/Library/Developer/Xcode/DerivedData/Mira-gjyyxrfpjqjqafbxhcwqebtewkru/Build/Intermediates.noindex/Mira.build/Debug-iphonesimulator/Mira.build/DerivedSources-normal/x86_64 -Xcc -I/Users/abrahambelayneh/Library/Developer/Xcode/DerivedData/Mira-gjyyxrfpjqjqafbxhcwqebtewkru/Build/Intermediates.noindex/Mira.build/Debug-iphonesimulator/Mira.build/DerivedSources/x86_64 -Xcc -I/Users/abrahambelayneh/Library/Developer/Xcode/DerivedData/Mira-gjyyxrfpjqjqafbxhcwqebtewkru/Build/Intermediates.noindex/Mira.build/Debug-iphonesimulator/Mira.build/DerivedSources -emit-objc-header -emit-objc-header-path /Users/abrahambelayneh/Library/Developer/Xcode/DerivedData/Mira-gjyyxrfpjqjqafbxhcwqebtewkru/Build/Intermediates.noindex/Mira.build/Debug-iphonesimulator/Mira.build/Objects-normal/x86_64/Mira-Swift.h -working-directory /tmp/tastebench-task003-hermes-0808827/Mira -experimental-emit-module-separately -disable-cmo

Ld /Users/abrahambelayneh/Library/Developer/Xcode/DerivedData/Mira-gjyyxrfpjqjqafbxhcwqebtewkru/Build/Intermediates.noindex/Mira.build/Debug-iphonesimulator/Mira.build/Objects-normal/x86_64/Binary/Mira.debug.dylib normal x86_64 (in target 'Mira' from project 'Mira')
    cd /tmp/tastebench-task003-hermes-0808827/Mira
    /Applications/Xcode.app/Contents/Developer/Toolchains/XcodeDefault.xctoolchain/usr/bin/clang -Xlinker -reproducible -target x86_64-apple-ios17.0-simulator -dynamiclib -isysroot /Applications/Xcode.app/Contents/Developer/Platforms/iPhoneSimulator.platform/Developer/SDKs/iPhoneSimulator26.4.sdk -O0 -L/Users/abrahambelayneh/Library/Developer/Xcode/DerivedData/Mira-gjyyxrfpjqjqafbxhcwqebtewkru/Build/Intermediates.noindex/EagerLinkingTBDs/Debug-iphonesimulator -L/Users/abrahambelayneh/Library/Developer/Xcode/DerivedData/Mira-gjyyxrfpjqjqafbxhcwqebtewkru/Build/Products/Debug-iphonesimulator -F/Users/abrahambelayneh/Library/Developer/Xcode/DerivedData/Mira-gjyyxrfpjqjqafbxhcwqebtewkru/Build/Intermediates.noindex/EagerLinkingTBDs/Debug-iphonesimulator -F/Users/abrahambelayneh/Library/Developer/Xcode/DerivedData/Mira-gjyyxrfpjqjqafbxhcwqebtewkru/Build/Products/Debug-iphonesimulator -filelist /Users/abrahambelayneh/Library/Developer/Xcode/DerivedData/Mira-gjyyxrfpjqjqafbxhcwqebtewkru/Build/Intermediates.noindex/Mira.build/Debug-iphonesimulator/Mira.build/Objects-normal/x86_64/Mira.LinkFileList -install_name @rpath/Mira.debug.dylib -Xlinker -rpath -Xlinker /usr/lib/swift -Xlinker -dead_strip -Xlinker -object_path_lto -Xlinker /Users/abrahambelayneh/Library/Developer/Xcode/DerivedData/Mira-gjyyxrfpjqjqafbxhcwqebtewkru/Build/Intermediates.noindex/Mira.build/Debug-iphonesimulator/Mira.build/Objects-normal/x86_64/Mira_lto.o -rdynamic -Xlinker -no_deduplicate -Xlinker -objc_abi_version -Xlinker 2 -Xlinker -dependency_info -Xlinker /Users/abrahambelayneh/Library/Developer/Xcode/DerivedData/Mira-gjyyxrfpjqjqafbxhcwqebtewkru/Build/Intermediates.noindex/Mira.build/Debug-iphonesimulator/Mira.build/Objects-normal/x86_64/Mira_dependency_info.dat -fobjc-link-runtime -L/Applications/Xcode.app/Contents/Developer/Toolchains/XcodeDefault.xctoolchain/usr/lib/swift/iphonesimulator -L/usr/lib/swift -Xlinker -add_ast_path -Xlinker /Users/abrahambelayneh/Library/Developer/Xcode/DerivedData/Mira-gjyyxrfpjqjqafbxhcwqebtewkru/Build/Intermediates.noindex/Mira.build/Debug-iphonesimulator/Mira.build/Objects-normal/x86_64/Mira.swiftmodule @/Users/abrahambelayneh/Library/Developer/Xcode/DerivedData/Mira-gjyyxrfpjqjqafbxhcwqebtewkru/Build/Intermediates.noindex/Mira.build/Debug-iphonesimulator/Mira.build/Objects-normal/x86_64/Mira-linker-args.resp -Xlinker -alias -Xlinker _main -Xlinker ___debug_main_executable_dylib_entry_point -Xlinker -no_adhoc_codesign -o /Users/abrahambelayneh/Library/Developer/Xcode/DerivedData/Mira-gjyyxrfpjqjqafbxhcwqebtewkru/Build/Intermediates.noindex/Mira.build/Debug-iphonesimulator/Mira.build/Objects-normal/x86_64/Binary/Mira.debug.dylib

SwiftDriverJobDiscovery normal arm64 Compiling SectionHeader.swift, SampleData.swift (in target 'Mira' from project 'Mira')

SwiftDriver\ Compilation Mira normal arm64 com.apple.xcode.tools.swift.compiler (in target 'Mira' from project 'Mira')
    cd /tmp/tastebench-task003-hermes-0808827/Mira
    builtin-Swift-Compilation -- /Applications/Xcode.app/Contents/Developer/Toolchains/XcodeDefault.xctoolchain/usr/bin/swiftc -module-name Mira -Onone @/Users/abrahambelayneh/Library/Developer/Xcode/DerivedData/Mira-gjyyxrfpjqjqafbxhcwqebtewkru/Build/Intermediates.noindex/Mira.build/Debug-iphonesimulator/Mira.build/Objects-normal/arm64/Mira.SwiftFileList -DDEBUG -enable-bare-slash-regex -enable-experimental-feature DebugDescriptionMacro -sdk /Applications/Xcode.app/Contents/Developer/Platforms/iPhoneSimulator.platform/Developer/SDKs/iPhoneSimulator26.4.sdk -target arm64-apple-ios17.0-simulator -g -module-cache-path /Users/abrahambelayneh/Library/Developer/Xcode/DerivedData/ModuleCache.noindex -Xfrontend -serialize-debugging-options -enable-testing -index-store-path /Users/abrahambelayneh/Library/Developer/Xcode/DerivedData/Mira-gjyyxrfpjqjqafbxhcwqebtewkru/Index.noindex/DataStore -Xcc -D_LIBCPP_HARDENING_MODE\=_LIBCPP_HARDENING_MODE_DEBUG -swift-version 5 -I /Users/abrahambelayneh/Library/Developer/Xcode/DerivedData/Mira-gjyyxrfpjqjqafbxhcwqebtewkru/Build/Products/Debug-iphonesimulator -F /Users/abrahambelayneh/Library/Developer/Xcode/DerivedData/Mira-gjyyxrfpjqjqafbxhcwqebtewkru/Build/Products/Debug-iphonesimulator -c -j10 -enable-batch-mode -incremental -Xcc -ivfsstatcache -Xcc /Users/abrahambelayneh/Library/Developer/Xcode/DerivedData/SDKStatCaches.noindex/iphonesimulator26.4-23E252-686eebb5dc1d8ecb277353a59184f4aa.sdkstatcache -output-file-map /Users/abrahambelayneh/Library/Developer/Xcode/DerivedData/Mira-gjyyxrfpjqjqafbxhcwqebtewkru/Build/Intermediates.noindex/Mira.build/Debug-iphonesimulator/Mira.build/Objects-normal/arm64/Mira-OutputFileMap.json -use-frontend-parseable-output -save-temps -no-color-diagnostics -explicit-module-build -module-cache-path /Users/abrahambelayneh/Library/Developer/Xcode/DerivedData/Mira-gjyyxrfpjqjqafbxhcwqebtewkru/Build/Intermediates.noindex/SwiftExplicitPrecompiledModules -clang-scanner-module-cache-path /Users/abrahambelayneh/Library/Developer/Xcode/DerivedData/ModuleCache.noindex -sdk-module-cache-path /Users/abrahambelayneh/Library/Developer/Xcode/DerivedData/ModuleCache.noindex -serialize-diagnostics -emit-dependencies -emit-module -emit-module-path /Users/abrahambelayneh/Library/Developer/Xcode/DerivedData/Mira-gjyyxrfpjqjqafbxhcwqebtewkru/Build/Intermediates.noindex/Mira.build/Debug-iphonesimulator/Mira.build/Objects-normal/arm64/Mira.swiftmodule -validate-clang-modules-once -clang-build-session-file /Users/abrahambelayneh/Library/Developer/Xcode/DerivedData/ModuleCache.noindex/Session.modulevalidation -Xcc -I/Users/abrahambelayneh/Library/Developer/Xcode/DerivedData/Mira-gjyyxrfpjqjqafbxhcwqebtewkru/Build/Intermediates.noindex/Mira.build/Debug-iphonesimulator/Mira.build/swift-overrides.hmap -emit-const-values -Xfrontend -const-gather-protocols-file -Xfrontend /Users/abrahambelayneh/Library/Developer/Xcode/DerivedData/Mira-gjyyxrfpjqjqafbxhcwqebtewkru/Build/Intermediates.noindex/Mira.build/Debug-iphonesimulator/Mira.build/Objects-normal/arm64/Mira_const_extract_protocols.json -Xcc -iquote -Xcc /Users/abrahambelayneh/Library/Developer/Xcode/DerivedData/Mira-gjyyxrfpjqjqafbxhcwqebtewkru/Build/Intermediates.noindex/Mira.build/Debug-iphonesimulator/Mira.build/Mira-generated-files.hmap -Xcc -I/Users/abrahambelayneh/Library/Developer/Xcode/DerivedData/Mira-gjyyxrfpjqjqafbxhcwqebtewkru/Build/Intermediates.noindex/Mira.build/Debug-iphonesimulator/Mira.build/Mira-own-target-headers.hmap -Xcc -I/Users/abrahambelayneh/Library/Developer/Xcode/DerivedData/Mira-gjyyxrfpjqjqafbxhcwqebtewkru/Build/Intermediates.noindex/Mira.build/Debug-iphonesimulator/Mira.build/Mira-all-target-headers.hmap -Xcc -iquote -Xcc /Users/abrahambelayneh/Library/Developer/Xcode/DerivedData/Mira-gjyyxrfpjqjqafbxhcwqebtewkru/Build/Intermediates.noindex/Mira.build/Debug-iphonesimulator/Mira.build/Mira-project-headers.hmap -Xcc -I/Users/abrahambelayneh/Library/Developer/Xcode/DerivedData/Mira-gjyyxrfpjqjqafbxhcwqebtewkru/Build/Products/Debug-iphonesimulator/include -Xcc -I/Users/abrahambelayneh/Library/Developer/Xcode/DerivedData/Mira-gjyyxrfpjqjqafbxhcwqebtewkru/Build/Intermediates.noindex/Mira.build/Debug-iphonesimulator/Mira.build/DerivedSources-normal/arm64 -Xcc -I/Users/abrahambelayneh/Library/Developer/Xcode/DerivedData/Mira-gjyyxrfpjqjqafbxhcwqebtewkru/Build/Intermediates.noindex/Mira.build/Debug-iphonesimulator/Mira.build/DerivedSources/arm64 -Xcc -I/Users/abrahambelayneh/Library/Developer/Xcode/DerivedData/Mira-gjyyxrfpjqjqafbxhcwqebtewkru/Build/Intermediates.noindex/Mira.build/Debug-iphonesimulator/Mira.build/DerivedSources -emit-objc-header -emit-objc-header-path /Users/abrahambelayneh/Library/Developer/Xcode/DerivedData/Mira-gjyyxrfpjqjqafbxhcwqebtewkru/Build/Intermediates.noindex/Mira.build/Debug-iphonesimulator/Mira.build/Objects-normal/arm64/Mira-Swift.h -working-directory /tmp/tastebench-task003-hermes-0808827/Mira -experimental-emit-module-separately -disable-cmo

Ld /Users/abrahambelayneh/Library/Developer/Xcode/DerivedData/Mira-gjyyxrfpjqjqafbxhcwqebtewkru/Build/Intermediates.noindex/Mira.build/Debug-iphonesimulator/Mira.build/Objects-normal/arm64/Binary/Mira.debug.dylib normal arm64 (in target 'Mira' from project 'Mira')
    cd /tmp/tastebench-task003-hermes-0808827/Mira
    /Applications/Xcode.app/Contents/Developer/Toolchains/XcodeDefault.xctoolchain/usr/bin/clang -Xlinker -reproducible -target arm64-apple-ios17.0-simulator -dynamiclib -isysroot /Applications/Xcode.app/Contents/Developer/Platforms/iPhoneSimulator.platform/Developer/SDKs/iPhoneSimulator26.4.sdk -O0 -L/Users/abrahambelayneh/Library/Developer/Xcode/DerivedData/Mira-gjyyxrfpjqjqafbxhcwqebtewkru/Build/Intermediates.noindex/EagerLinkingTBDs/Debug-iphonesimulator -L/Users/abrahambelayneh/Library/Developer/Xcode/DerivedData/Mira-gjyyxrfpjqjqafbxhcwqebtewkru/Build/Products/Debug-iphonesimulator -F/Users/abrahambelayneh/Library/Developer/Xcode/DerivedData/Mira-gjyyxrfpjqjqafbxhcwqebtewkru/Build/Intermediates.noindex/EagerLinkingTBDs/Debug-iphonesimulator -F/Users/abrahambelayneh/Library/Developer/Xcode/DerivedData/Mira-gjyyxrfpjqjqafbxhcwqebtewkru/Build/Products/Debug-iphonesimulator -filelist /Users/abrahambelayneh/Library/Developer/Xcode/DerivedData/Mira-gjyyxrfpjqjqafbxhcwqebtewkru/Build/Intermediates.noindex/Mira.build/Debug-iphonesimulator/Mira.build/Objects-normal/arm64/Mira.LinkFileList -install_name @rpath/Mira.debug.dylib -Xlinker -rpath -Xlinker /usr/lib/swift -Xlinker -dead_strip -Xlinker -object_path_lto -Xlinker /Users/abrahambelayneh/Library/Developer/Xcode/DerivedData/Mira-gjyyxrfpjqjqafbxhcwqebtewkru/Build/Intermediates.noindex/Mira.build/Debug-iphonesimulator/Mira.build/Objects-normal/arm64/Mira_lto.o -rdynamic -Xlinker -no_deduplicate -Xlinker -objc_abi_version -Xlinker 2 -Xlinker -dependency_info -Xlinker /Users/abrahambelayneh/Library/Developer/Xcode/DerivedData/Mira-gjyyxrfpjqjqafbxhcwqebtewkru/Build/Intermediates.noindex/Mira.build/Debug-iphonesimulator/Mira.build/Objects-normal/arm64/Mira_dependency_info.dat -fobjc-link-runtime -L/Applications/Xcode.app/Contents/Developer/Toolchains/XcodeDefault.xctoolchain/usr/lib/swift/iphonesimulator -L/usr/lib/swift -Xlinker -add_ast_path -Xlinker /Users/abrahambelayneh/Library/Developer/Xcode/DerivedData/Mira-gjyyxrfpjqjqafbxhcwqebtewkru/Build/Intermediates.noindex/Mira.build/Debug-iphonesimulator/Mira.build/Objects-normal/arm64/Mira.swiftmodule @/Users/abrahambelayneh/Library/Developer/Xcode/DerivedData/Mira-gjyyxrfpjqjqafbxhcwqebtewkru/Build/Intermediates.noindex/Mira.build/Debug-iphonesimulator/Mira.build/Objects-normal/arm64/Mira-linker-args.resp -Xlinker -alias -Xlinker _main -Xlinker ___debug_main_executable_dylib_entry_point -Xlinker -no_adhoc_codesign -o /Users/abrahambelayneh/Library/Developer/Xcode/DerivedData/Mira-gjyyxrfpjqjqafbxhcwqebtewkru/Build/Intermediates.noindex/Mira.build/Debug-iphonesimulator/Mira.build/Objects-normal/arm64/Binary/Mira.debug.dylib

CreateUniversalBinary /Users/abrahambelayneh/Library/Developer/Xcode/DerivedData/Mira-gjyyxrfpjqjqafbxhcwqebtewkru/Build/Products/Debug-iphonesimulator/Mira.app/Mira.debug.dylib normal arm64\ x86_64 (in target 'Mira' from project 'Mira')
    cd /tmp/tastebench-task003-hermes-0808827/Mira
    /Applications/Xcode.app/Contents/Developer/Toolchains/XcodeDefault.xctoolchain/usr/bin/lipo -create /Users/abrahambelayneh/Library/Developer/Xcode/DerivedData/Mira-gjyyxrfpjqjqafbxhcwqebtewkru/Build/Intermediates.noindex/Mira.build/Debug-iphonesimulator/Mira.build/Objects-normal/arm64/Binary/Mira.debug.dylib /Users/abrahambelayneh/Library/Developer/Xcode/DerivedData/Mira-gjyyxrfpjqjqafbxhcwqebtewkru/Build/Intermediates.noindex/Mira.build/Debug-iphonesimulator/Mira.build/Objects-normal/x86_64/Binary/Mira.debug.dylib -output /Users/abrahambelayneh/Library/Developer/Xcode/DerivedData/Mira-gjyyxrfpjqjqafbxhcwqebtewkru/Build/Products/Debug-iphonesimulator/Mira.app/Mira.debug.dylib

ConstructStubExecutorLinkFileList /Users/abrahambelayneh/Library/Developer/Xcode/DerivedData/Mira-gjyyxrfpjqjqafbxhcwqebtewkru/Build/Intermediates.noindex/Mira.build/Debug-iphonesimulator/Mira.build/Mira-ExecutorLinkFileList-normal-x86_64.txt (in target 'Mira' from project 'Mira')
    cd /tmp/tastebench-task003-hermes-0808827/Mira
    construct-stub-executor-link-file-list /Users/abrahambelayneh/Library/Developer/Xcode/DerivedData/Mira-gjyyxrfpjqjqafbxhcwqebtewkru/Build/Intermediates.noindex/Mira.build/Debug-iphonesimulator/Mira.build/Objects-normal/x86_64/Binary/Mira.debug.dylib /Applications/Xcode.app/Contents/Developer/Platforms/iPhoneSimulator.platform/Developer/usr/lib/libPreviewsJITStubExecutor_no_swift_entry_point.a /Applications/Xcode.app/Contents/Developer/Platforms/iPhoneSimulator.platform/Developer/usr/lib/libPreviewsJITStubExecutor.a --output /Users/abrahambelayneh/Library/Developer/Xcode/DerivedData/Mira-gjyyxrfpjqjqafbxhcwqebtewkru/Build/Intermediates.noindex/Mira.build/Debug-iphonesimulator/Mira.build/Mira-ExecutorLinkFileList-normal-x86_64.txt
note: Using stub executor library with Swift entry point. (in target 'Mira' from project 'Mira')

ConstructStubExecutorLinkFileList /Users/abrahambelayneh/Library/Developer/Xcode/DerivedData/Mira-gjyyxrfpjqjqafbxhcwqebtewkru/Build/Intermediates.noindex/Mira.build/Debug-iphonesimulator/Mira.build/Mira-ExecutorLinkFileList-normal-arm64.txt (in target 'Mira' from project 'Mira')
    cd /tmp/tastebench-task003-hermes-0808827/Mira
    construct-stub-executor-link-file-list /Users/abrahambelayneh/Library/Developer/Xcode/DerivedData/Mira-gjyyxrfpjqjqafbxhcwqebtewkru/Build/Intermediates.noindex/Mira.build/Debug-iphonesimulator/Mira.build/Objects-normal/arm64/Binary/Mira.debug.dylib /Applications/Xcode.app/Contents/Developer/Platforms/iPhoneSimulator.platform/Developer/usr/lib/libPreviewsJITStubExecutor_no_swift_entry_point.a /Applications/Xcode.app/Contents/Developer/Platforms/iPhoneSimulator.platform/Developer/usr/lib/libPreviewsJITStubExecutor.a --output /Users/abrahambelayneh/Library/Developer/Xcode/DerivedData/Mira-gjyyxrfpjqjqafbxhcwqebtewkru/Build/Intermediates.noindex/Mira.build/Debug-iphonesimulator/Mira.build/Mira-ExecutorLinkFileList-normal-arm64.txt
note: Using stub executor library with Swift entry point. (in target 'Mira' from project 'Mira')

Ld /Users/abrahambelayneh/Library/Developer/Xcode/DerivedData/Mira-gjyyxrfpjqjqafbxhcwqebtewkru/Build/Intermediates.noindex/Mira.build/Debug-iphonesimulator/Mira.build/Objects-normal/arm64/Binary/Mira normal arm64 (in target 'Mira' from project 'Mira')
    cd /tmp/tastebench-task003-hermes-0808827/Mira
    /Applications/Xcode.app/Contents/Developer/Toolchains/XcodeDefault.xctoolchain/usr/bin/clang -Xlinker -reproducible -target arm64-apple-ios17.0-simulator -isysroot /Applications/Xcode.app/Contents/Developer/Platforms/iPhoneSimulator.platform/Developer/SDKs/iPhoneSimulator26.4.sdk -O0 -L/Users/abrahambelayneh/Library/Developer/Xcode/DerivedData/Mira-gjyyxrfpjqjqafbxhcwqebtewkru/Build/Products/Debug-iphonesimulator -F/Users/abrahambelayneh/Library/Developer/Xcode/DerivedData/Mira-gjyyxrfpjqjqafbxhcwqebtewkru/Build/Products/Debug-iphonesimulator -Xlinker -rpath -Xlinker @executable_path -rdynamic -Xlinker -no_deduplicate -Xlinker -objc_abi_version -Xlinker 2 -e ___debug_blank_executor_main -Xlinker -sectcreate -Xlinker __TEXT -Xlinker __debug_dylib -Xlinker /Users/abrahambelayneh/Library/Developer/Xcode/DerivedData/Mira-gjyyxrfpjqjqafbxhcwqebtewkru/Build/Intermediates.noindex/Mira.build/Debug-iphonesimulator/Mira.build/Mira-DebugDylibPath-normal-arm64.txt -Xlinker -sectcreate -Xlinker __TEXT -Xlinker __debug_instlnm -Xlinker /Users/abrahambelayneh/Library/Developer/Xcode/DerivedData/Mira-gjyyxrfpjqjqafbxhcwqebtewkru/Build/Intermediates.noindex/Mira.build/Debug-iphonesimulator/Mira.build/Mira-DebugDylibInstallName-normal-arm64.txt -Xlinker -filelist -Xlinker /Users/abrahambelayneh/Library/Developer/Xcode/DerivedData/Mira-gjyyxrfpjqjqafbxhcwqebtewkru/Build/Intermediates.noindex/Mira.build/Debug-iphonesimulator/Mira.build/Mira-ExecutorLinkFileList-normal-arm64.txt -Xlinker -sectcreate -Xlinker __TEXT -Xlinker __entitlements -Xlinker /Users/abrahambelayneh/Library/Developer/Xcode/DerivedData/Mira-gjyyxrfpjqjqafbxhcwqebtewkru/Build/Intermediates.noindex/Mira.build/Debug-iphonesimulator/Mira.build/Mira.app-Simulated.xcent -Xlinker -sectcreate -Xlinker __TEXT -Xlinker __ents_der -Xlinker /Users/abrahambelayneh/Library/Developer/Xcode/DerivedData/Mira-gjyyxrfpjqjqafbxhcwqebtewkru/Build/Intermediates.noindex/Mira.build/Debug-iphonesimulator/Mira.build/Mira.app-Simulated.xcent.der /Users/abrahambelayneh/Library/Developer/Xcode/DerivedData/Mira-gjyyxrfpjqjqafbxhcwqebtewkru/Build/Intermediates.noindex/Mira.build/Debug-iphonesimulator/Mira.build/Objects-normal/arm64/Binary/Mira.debug.dylib -Xlinker -no_adhoc_codesign -o /Users/abrahambelayneh/Library/Developer/Xcode/DerivedData/Mira-gjyyxrfpjqjqafbxhcwqebtewkru/Build/Intermediates.noindex/Mira.build/Debug-iphonesimulator/Mira.build/Objects-normal/arm64/Binary/Mira

Ld /Users/abrahambelayneh/Library/Developer/Xcode/DerivedData/Mira-gjyyxrfpjqjqafbxhcwqebtewkru/Build/Intermediates.noindex/Mira.build/Debug-iphonesimulator/Mira.build/Objects-normal/x86_64/Binary/Mira normal x86_64 (in target 'Mira' from project 'Mira')
    cd /tmp/tastebench-task003-hermes-0808827/Mira
    /Applications/Xcode.app/Contents/Developer/Toolchains/XcodeDefault.xctoolchain/usr/bin/clang -Xlinker -reproducible -target x86_64-apple-ios17.0-simulator -isysroot /Applications/Xcode.app/Contents/Developer/Platforms/iPhoneSimulator.platform/Developer/SDKs/iPhoneSimulator26.4.sdk -O0 -L/Users/abrahambelayneh/Library/Developer/Xcode/DerivedData/Mira-gjyyxrfpjqjqafbxhcwqebtewkru/Build/Products/Debug-iphonesimulator -F/Users/abrahambelayneh/Library/Developer/Xcode/DerivedData/Mira-gjyyxrfpjqjqafbxhcwqebtewkru/Build/Products/Debug-iphonesimulator -Xlinker -rpath -Xlinker @executable_path -rdynamic -Xlinker -no_deduplicate -Xlinker -objc_abi_version -Xlinker 2 -e ___debug_blank_executor_main -Xlinker -sectcreate -Xlinker __TEXT -Xlinker __debug_dylib -Xlinker /Users/abrahambelayneh/Library/Developer/Xcode/DerivedData/Mira-gjyyxrfpjqjqafbxhcwqebtewkru/Build/Intermediates.noindex/Mira.build/Debug-iphonesimulator/Mira.build/Mira-DebugDylibPath-normal-x86_64.txt -Xlinker -sectcreate -Xlinker __TEXT -Xlinker __debug_instlnm -Xlinker /Users/abrahambelayneh/Library/Developer/Xcode/DerivedData/Mira-gjyyxrfpjqjqafbxhcwqebtewkru/Build/Intermediates.noindex/Mira.build/Debug-iphonesimulator/Mira.build/Mira-DebugDylibInstallName-normal-x86_64.txt -Xlinker -filelist -Xlinker /Users/abrahambelayneh/Library/Developer/Xcode/DerivedData/Mira-gjyyxrfpjqjqafbxhcwqebtewkru/Build/Intermediates.noindex/Mira.build/Debug-iphonesimulator/Mira.build/Mira-ExecutorLinkFileList-normal-x86_64.txt -Xlinker -sectcreate -Xlinker __TEXT -Xlinker __entitlements -Xlinker /Users/abrahambelayneh/Library/Developer/Xcode/DerivedData/Mira-gjyyxrfpjqjqafbxhcwqebtewkru/Build/Intermediates.noindex/Mira.build/Debug-iphonesimulator/Mira.build/Mira.app-Simulated.xcent -Xlinker -sectcreate -Xlinker __TEXT -Xlinker __ents_der -Xlinker /Users/abrahambelayneh/Library/Developer/Xcode/DerivedData/Mira-gjyyxrfpjqjqafbxhcwqebtewkru/Build/Intermediates.noindex/Mira.build/Debug-iphonesimulator/Mira.build/Mira.app-Simulated.xcent.der /Users/abrahambelayneh/Library/Developer/Xcode/DerivedData/Mira-gjyyxrfpjqjqafbxhcwqebtewkru/Build/Intermediates.noindex/Mira.build/Debug-iphonesimulator/Mira.build/Objects-normal/x86_64/Binary/Mira.debug.dylib -Xlinker -no_adhoc_codesign -o /Users/abrahambelayneh/Library/Developer/Xcode/DerivedData/Mira-gjyyxrfpjqjqafbxhcwqebtewkru/Build/Intermediates.noindex/Mira.build/Debug-iphonesimulator/Mira.build/Objects-normal/x86_64/Binary/Mira

GenerateDSYMFile /Users/abrahambelayneh/Library/Developer/Xcode/DerivedData/Mira-gjyyxrfpjqjqafbxhcwqebtewkru/Build/Products/Debug-iphonesimulator/Mira.app.dSYM /Users/abrahambelayneh/Library/Developer/Xcode/DerivedData/Mira-gjyyxrfpjqjqafbxhcwqebtewkru/Build/Products/Debug-iphonesimulator/Mira.app/Mira.debug.dylib (in target 'Mira' from project 'Mira')
    cd /tmp/tastebench-task003-hermes-0808827/Mira
    /Applications/Xcode.app/Contents/Developer/Toolchains/XcodeDefault.xctoolchain/usr/bin/dsymutil /Users/abrahambelayneh/Library/Developer/Xcode/DerivedData/Mira-gjyyxrfpjqjqafbxhcwqebtewkru/Build/Products/Debug-iphonesimulator/Mira.app/Mira.debug.dylib -o /Users/abrahambelayneh/Library/Developer/Xcode/DerivedData/Mira-gjyyxrfpjqjqafbxhcwqebtewkru/Build/Products/Debug-iphonesimulator/Mira.app.dSYM

CreateUniversalBinary /Users/abrahambelayneh/Library/Developer/Xcode/DerivedData/Mira-gjyyxrfpjqjqafbxhcwqebtewkru/Build/Products/Debug-iphonesimulator/Mira.app/Mira normal arm64\ x86_64 (in target 'Mira' from project 'Mira')
    cd /tmp/tastebench-task003-hermes-0808827/Mira
    /Applications/Xcode.app/Contents/Developer/Toolchains/XcodeDefault.xctoolchain/usr/bin/lipo -create /Users/abrahambelayneh/Library/Developer/Xcode/DerivedData/Mira-gjyyxrfpjqjqafbxhcwqebtewkru/Build/Intermediates.noindex/Mira.build/Debug-iphonesimulator/Mira.build/Objects-normal/arm64/Binary/Mira /Users/abrahambelayneh/Library/Developer/Xcode/DerivedData/Mira-gjyyxrfpjqjqafbxhcwqebtewkru/Build/Intermediates.noindex/Mira.build/Debug-iphonesimulator/Mira.build/Objects-normal/x86_64/Binary/Mira -output /Users/abrahambelayneh/Library/Developer/Xcode/DerivedData/Mira-gjyyxrfpjqjqafbxhcwqebtewkru/Build/Products/Debug-iphonesimulator/Mira.app/Mira

GenerateDSYMFile /Users/abrahambelayneh/Library/Developer/Xcode/DerivedData/Mira-gjyyxrfpjqjqafbxhcwqebtewkru/Build/Products/Debug-iphonesimulator/Mira.app.dSYM /Users/abrahambelayneh/Library/Developer/Xcode/DerivedData/Mira-gjyyxrfpjqjqafbxhcwqebtewkru/Build/Products/Debug-iphonesimulator/Mira.app/Mira (in target 'Mira' from project 'Mira')
    cd /tmp/tastebench-task003-hermes-0808827/Mira
    /Applications/Xcode.app/Contents/Developer/Toolchains/XcodeDefault.xctoolchain/usr/bin/dsymutil -q /Users/abrahambelayneh/Library/Developer/Xcode/DerivedData/Mira-gjyyxrfpjqjqafbxhcwqebtewkru/Build/Products/Debug-iphonesimulator/Mira.app/Mira -o /Users/abrahambelayneh/Library/Developer/Xcode/DerivedData/Mira-gjyyxrfpjqjqafbxhcwqebtewkru/Build/Products/Debug-iphonesimulator/Mira.app.dSYM

CopySwiftLibs /Users/abrahambelayneh/Library/Developer/Xcode/DerivedData/Mira-gjyyxrfpjqjqafbxhcwqebtewkru/Build/Products/Debug-iphonesimulator/Mira.app (in target 'Mira' from project 'Mira')
    cd /tmp/tastebench-task003-hermes-0808827/Mira
    builtin-swiftStdLibTool --copy --verbose --sign - --scan-executable /Users/abrahambelayneh/Library/Developer/Xcode/DerivedData/Mira-gjyyxrfpjqjqafbxhcwqebtewkru/Build/Products/Debug-iphonesimulator/Mira.app/Mira.debug.dylib --scan-folder /Users/abrahambelayneh/Library/Developer/Xcode/DerivedData/Mira-gjyyxrfpjqjqafbxhcwqebtewkru/Build/Products/Debug-iphonesimulator/Mira.app/Frameworks --scan-folder /Users/abrahambelayneh/Library/Developer/Xcode/DerivedData/Mira-gjyyxrfpjqjqafbxhcwqebtewkru/Build/Products/Debug-iphonesimulator/Mira.app/PlugIns --scan-folder /Users/abrahambelayneh/Library/Developer/Xcode/DerivedData/Mira-gjyyxrfpjqjqafbxhcwqebtewkru/Build/Products/Debug-iphonesimulator/Mira.app/SystemExtensions --scan-folder /Users/abrahambelayneh/Library/Developer/Xcode/DerivedData/Mira-gjyyxrfpjqjqafbxhcwqebtewkru/Build/Products/Debug-iphonesimulator/Mira.app/Extensions --platform iphonesimulator --toolchain /Applications/Xcode.app/Contents/Developer/Toolchains/XcodeDefault.xctoolchain --destination /Users/abrahambelayneh/Library/Developer/Xcode/DerivedData/Mira-gjyyxrfpjqjqafbxhcwqebtewkru/Build/Products/Debug-iphonesimulator/Mira.app/Frameworks --strip-bitcode --strip-bitcode-tool /Applications/Xcode.app/Contents/Developer/Toolchains/XcodeDefault.xctoolchain/usr/bin/bitcode_strip --emit-dependency-info /Users/abrahambelayneh/Library/Developer/Xcode/DerivedData/Mira-gjyyxrfpjqjqafbxhcwqebtewkru/Build/Intermediates.noindex/Mira.build/Debug-iphonesimulator/Mira.build/SwiftStdLibToolInputDependencies.dep --filter-for-swift-os --back-deploy-swift-span

ExtractAppIntentsMetadata (in target 'Mira' from project 'Mira')
    cd /tmp/tastebench-task003-hermes-0808827/Mira
    /Applications/Xcode.app/Contents/Developer/Toolchains/XcodeDefault.xctoolchain/usr/bin/appintentsmetadataprocessor --toolchain-dir /Applications/Xcode.app/Contents/Developer/Toolchains/XcodeDefault.xctoolchain --module-name Mira --sdk-root /Applications/Xcode.app/Contents/Developer/Platforms/iPhoneSimulator.platform/Developer/SDKs/iPhoneSimulator26.4.sdk --xcode-version 17E202 --platform-family iOS --deployment-target 17.0 --bundle-identifier com.tastebench.mira --output /Users/abrahambelayneh/Library/Developer/Xcode/DerivedData/Mira-gjyyxrfpjqjqafbxhcwqebtewkru/Build/Products/Debug-iphonesimulator/Mira.app --target-triple arm64-apple-ios17.0-simulator --target-triple x86_64-apple-ios17.0-simulator --binary-file /Users/abrahambelayneh/Library/Developer/Xcode/DerivedData/Mira-gjyyxrfpjqjqafbxhcwqebtewkru/Build/Products/Debug-iphonesimulator/Mira.app/Mira --dependency-file /Users/abrahambelayneh/Library/Developer/Xcode/DerivedData/Mira-gjyyxrfpjqjqafbxhcwqebtewkru/Build/Intermediates.noindex/Mira.build/Debug-iphonesimulator/Mira.build/Objects-normal/arm64/Mira_dependency_info.dat --dependency-file /Users/abrahambelayneh/Library/Developer/Xcode/DerivedData/Mira-gjyyxrfpjqjqafbxhcwqebtewkru/Build/Intermediates.noindex/Mira.build/Debug-iphonesimulator/Mira.build/Objects-normal/x86_64/Mira_dependency_info.dat --stringsdata-file /Users/abrahambelayneh/Library/Developer/Xcode/DerivedData/Mira-gjyyxrfpjqjqafbxhcwqebtewkru/Build/Intermediates.noindex/Mira.build/Debug-iphonesimulator/Mira.build/Objects-normal/arm64/ExtractedAppShortcutsMetadata.stringsdata --stringsdata-file /Users/abrahambelayneh/Library/Developer/Xcode/DerivedData/Mira-gjyyxrfpjqjqafbxhcwqebtewkru/Build/Intermediates.noindex/Mira.build/Debug-iphonesimulator/Mira.build/Objects-normal/x86_64/ExtractedAppShortcutsMetadata.stringsdata --source-file-list /Users/abrahambelayneh/Library/Developer/Xcode/DerivedData/Mira-gjyyxrfpjqjqafbxhcwqebtewkru/Build/Intermediates.noindex/Mira.build/Debug-iphonesimulator/Mira.build/Objects-normal/arm64/Mira.SwiftFileList --source-file-list /Users/abrahambelayneh/Library/Developer/Xcode/DerivedData/Mira-gjyyxrfpjqjqafbxhcwqebtewkru/Build/Intermediates.noindex/Mira.build/Debug-iphonesimulator/Mira.build/Objects-normal/x86_64/Mira.SwiftFileList --metadata-file-list /Users/abrahambelayneh/Library/Developer/Xcode/DerivedData/Mira-gjyyxrfpjqjqafbxhcwqebtewkru/Build/Intermediates.noindex/Mira.build/Debug-iphonesimulator/Mira.build/Mira.DependencyMetadataFileList --static-metadata-file-list /Users/abrahambelayneh/Library/Developer/Xcode/DerivedData/Mira-gjyyxrfpjqjqafbxhcwqebtewkru/Build/Intermediates.noindex/Mira.build/Debug-iphonesimulator/Mira.build/Mira.DependencyStaticMetadataFileList --swift-const-vals-list /Users/abrahambelayneh/Library/Developer/Xcode/DerivedData/Mira-gjyyxrfpjqjqafbxhcwqebtewkru/Build/Intermediates.noindex/Mira.build/Debug-iphonesimulator/Mira.build/Objects-normal/arm64/Mira.SwiftConstValuesFileList --swift-const-vals-list /Users/abrahambelayneh/Library/Developer/Xcode/DerivedData/Mira-gjyyxrfpjqjqafbxhcwqebtewkru/Build/Intermediates.noindex/Mira.build/Debug-iphonesimulator/Mira.build/Objects-normal/x86_64/Mira.SwiftConstValuesFileList --compile-time-extraction --deployment-aware-processing --validate-assistant-intents --no-app-shortcuts-localization
2026-05-09 19:48:36.460 appintentsmetadataprocessor[93945:11800773] Starting appintentsmetadataprocessor export
2026-05-09 19:48:36.464 appintentsmetadataprocessor[93945:11800773] warning: Metadata extraction skipped. No AppIntents.framework dependency found.

AppIntentsSSUTraining (in target 'Mira' from project 'Mira')
    cd /tmp/tastebench-task003-hermes-0808827/Mira
    /Applications/Xcode.app/Contents/Developer/Toolchains/XcodeDefault.xctoolchain/usr/bin/appintentsnltrainingprocessor --infoplist-path /Users/abrahambelayneh/Library/Developer/Xcode/DerivedData/Mira-gjyyxrfpjqjqafbxhcwqebtewkru/Build/Products/Debug-iphonesimulator/Mira.app/Info.plist --temp-dir-path /Users/abrahambelayneh/Library/Developer/Xcode/DerivedData/Mira-gjyyxrfpjqjqafbxhcwqebtewkru/Build/Intermediates.noindex/Mira.build/Debug-iphonesimulator/Mira.build/ssu --bundle-id com.tastebench.mira --product-path /Users/abrahambelayneh/Library/Developer/Xcode/DerivedData/Mira-gjyyxrfpjqjqafbxhcwqebtewkru/Build/Products/Debug-iphonesimulator/Mira.app --extracted-metadata-path /Users/abrahambelayneh/Library/Developer/Xcode/DerivedData/Mira-gjyyxrfpjqjqafbxhcwqebtewkru/Build/Products/Debug-iphonesimulator/Mira.app/Metadata.appintents --metadata-file-list /Users/abrahambelayneh/Library/Developer/Xcode/DerivedData/Mira-gjyyxrfpjqjqafbxhcwqebtewkru/Build/Intermediates.noindex/Mira.build/Debug-iphonesimulator/Mira.build/Mira.DependencyMetadataFileList --source-file /Users/abrahambelayneh/Library/Developer/Xcode/DerivedData/Mira-gjyyxrfpjqjqafbxhcwqebtewkru/Build/Products/Debug-iphonesimulator/Mira.app/Info.plist --archive-ssu-assets
2026-05-09 19:48:36.483 appintentsnltrainingprocessor[93946:11800783] Parsing options for appintentsnltrainingprocessor
2026-05-09 19:48:36.483 appintentsnltrainingprocessor[93946:11800783] Starting AppIntents SSU YAML Generation
2026-05-09 19:48:36.485 appintentsnltrainingprocessor[93946:11800783] No AppShortcuts found - Skipping.

CodeSign /Users/abrahambelayneh/Library/Developer/Xcode/DerivedData/Mira-gjyyxrfpjqjqafbxhcwqebtewkru/Build/Products/Debug-iphonesimulator/Mira.app/Mira.debug.dylib (in target 'Mira' from project 'Mira')
    cd /tmp/tastebench-task003-hermes-0808827/Mira
    
    Signing Identity:     "Sign to Run Locally"
    
    /usr/bin/codesign --force --sign - --timestamp\=none --generate-entitlement-der /Users/abrahambelayneh/Library/Developer/Xcode/DerivedData/Mira-gjyyxrfpjqjqafbxhcwqebtewkru/Build/Products/Debug-iphonesimulator/Mira.app/Mira.debug.dylib

CodeSign /Users/abrahambelayneh/Library/Developer/Xcode/DerivedData/Mira-gjyyxrfpjqjqafbxhcwqebtewkru/Build/Products/Debug-iphonesimulator/Mira.app/__preview.dylib (in target 'Mira' from project 'Mira')
    cd /tmp/tastebench-task003-hermes-0808827/Mira
    
    Signing Identity:     "Sign to Run Locally"
    
    /usr/bin/codesign --force --sign - --timestamp\=none --generate-entitlement-der /Users/abrahambelayneh/Library/Developer/Xcode/DerivedData/Mira-gjyyxrfpjqjqafbxhcwqebtewkru/Build/Products/Debug-iphonesimulator/Mira.app/__preview.dylib

CodeSign /Users/abrahambelayneh/Library/Developer/Xcode/DerivedData/Mira-gjyyxrfpjqjqafbxhcwqebtewkru/Build/Products/Debug-iphonesimulator/Mira.app (in target 'Mira' from project 'Mira')
    cd /tmp/tastebench-task003-hermes-0808827/Mira
    
    Signing Identity:     "Sign to Run Locally"
    
    /usr/bin/codesign --force --sign - --timestamp\=none --generate-entitlement-der /Users/abrahambelayneh/Library/Developer/Xcode/DerivedData/Mira-gjyyxrfpjqjqafbxhcwqebtewkru/Build/Products/Debug-iphonesimulator/Mira.app

RegisterExecutionPolicyException /Users/abrahambelayneh/Library/Developer/Xcode/DerivedData/Mira-gjyyxrfpjqjqafbxhcwqebtewkru/Build/Products/Debug-iphonesimulator/Mira.app (in target 'Mira' from project 'Mira')
    cd /tmp/tastebench-task003-hermes-0808827/Mira
    builtin-RegisterExecutionPolicyException /Users/abrahambelayneh/Library/Developer/Xcode/DerivedData/Mira-gjyyxrfpjqjqafbxhcwqebtewkru/Build/Products/Debug-iphonesimulator/Mira.app

Validate /Users/abrahambelayneh/Library/Developer/Xcode/DerivedData/Mira-gjyyxrfpjqjqafbxhcwqebtewkru/Build/Products/Debug-iphonesimulator/Mira.app (in target 'Mira' from project 'Mira')
    cd /tmp/tastebench-task003-hermes-0808827/Mira
    builtin-validationUtility /Users/abrahambelayneh/Library/Developer/Xcode/DerivedData/Mira-gjyyxrfpjqjqafbxhcwqebtewkru/Build/Products/Debug-iphonesimulator/Mira.app -shallow-bundle -infoplist-subpath Info.plist

Touch /Users/abrahambelayneh/Library/Developer/Xcode/DerivedData/Mira-gjyyxrfpjqjqafbxhcwqebtewkru/Build/Products/Debug-iphonesimulator/Mira.app (in target 'Mira' from project 'Mira')
    cd /tmp/tastebench-task003-hermes-0808827/Mira
    /usr/bin/touch -c /Users/abrahambelayneh/Library/Developer/Xcode/DerivedData/Mira-gjyyxrfpjqjqafbxhcwqebtewkru/Build/Products/Debug-iphonesimulator/Mira.app

** BUILD SUCCEEDED **

